school_id,name,careers_link,rows_now,verdict,evidence
1,Alaska Pacific University,https://www.alaskapacific.edu/about/employment/#openings,3,unclear,links=3 inline=0 roles=2 paging=n iframes=0 text=3134
21,Amridge University,http://www.amridgeuniversity.edu/about/employment/,2,unclear,links=2 inline=0 roles=0 paging=n iframes=0 text=8254
37,Hendrix College,https://www.hendrix.edu/humanresources/jobs.aspx,0,iframe-listing,links=0 inline=0 roles=0 paging=n iframes=1 text=142
54,Northern Arizona University,https://careers.nau.edu/jobs/search?page=1&category_uids%5B%5D=16877518cdbd46262a1b4a995c2a65c2&query=,2,unclear,links=3 inline=2 roles=4 paging=n iframes=0 text=2542
68,California State Polytechnic University-Humboldt,https://careers.humboldt.edu/hm/en-us/filter/?work-type=faculty,2,inline-listing,links=3 inline=3 roles=3 paging=n iframes=0 text=3771
74,University of California-Berkeley,https://aprecruit.berkeley.edu/apply,0,inline-listing,links=0 inline=0 roles=203 paging=n iframes=0 text=44630
75,Woodbury University,https://woodbury.edu/about/people/employment-opportunities/,1,unclear,links=3 inline=0 roles=0 paging=n iframes=0 text=6305
77,California State University-Dominguez Hills,https://careers.csudh.edu/en-us/filter/?ie=utf-8&q=&search-keyword=&work-type=instructional%20faculty%20-%20temporary%2flecturer&work-type=instructional%20faculty%20%e2%80%93%20tenured%2ftenure-track&work-type=non-instructional%20faculty%20(coach%2fcounselor%2flibrarian)&category=unit%203%20-%20cfa%20-%20california%20faculty%20association&category=faculty&job-mail-subscribe-privacy=agree,0,looks-ok-now,links=25 inline=2 roles=38 paging=y iframes=0 text=12771
85,University of California-Davis,https://recruit.ucdavis.edu/apply?_gl=1*1802h74*_gcl_au*MTUyNDgyMzMzMy4xNzg3ODc1NDE4*_ga*MTE2MzE3NjkzLjE3ODc4NzU0MTg.*_ga_2N9JP0W2PC*czE3ODc4NzU0MTgkbzEkZzAkdDE3ODc4NzU0MjAkajU4JGwwJGgw,0,inline-listing,links=0 inline=0 roles=114 paging=n iframes=0 text=45555
93,University of California-Irvine,https://recruit.ap.uci.edu/apply,0,inline-listing,links=0 inline=0 roles=155 paging=n iframes=0 text=60573
95,University of California-San Diego,https://apol-recruit.ucsd.edu/apply,0,inline-listing,links=0 inline=0 roles=251 paging=n iframes=0 text=52049
104,Pacific States University,https://psuca.edu/jobs-opportunities/,3,unclear,links=4 inline=1 roles=9 paging=n iframes=0 text=10456
105,University of California-Los Angeles,https://recruit.apo.ucla.edu/apply,0,inline-listing,links=0 inline=0 roles=159 paging=n iframes=0 text=49963
108,University of California-Merced,https://aprecruit.ucmerced.edu/apply,0,inline-listing,links=0 inline=0 roles=57 paging=n iframes=0 text=28352
114,Chapman University,https://apply.interfolio.com/44328/positions,1,inline-listing,links=1 inline=0 roles=8 paging=y iframes=0 text=4282
117,Simpson University,https://secure.onehcm.com/ta/Simpson.careers?CareersSearch&InFrameset=1&HostedBy=simpsonu.edu,1,inline-listing,links=1 inline=8 roles=34 paging=n iframes=0 text=6782
121,University of California-Riverside,https://aprecruit.ucr.edu/apply,0,inline-listing,links=0 inline=0 roles=40 paging=n iframes=0 text=18582
124,University of the West,https://workforcenow.adp.com/mascsr/default/mdf/recruitment/recruitment.html?cid=31cd0b73-92c3-4ed2-84f8-5a6de61f8f2c&ccId=19000101_000001&lang=en_US&source=CC2&selectedMenuKey=CurrentOpenings,2,unclear,links=1 inline=0 roles=1 paging=n iframes=0 text=2439
138,Golden Gate University,https://www.paycomonline.net/v4/ats/web.php/jobs?clientkey=1A449B35167BB40706C055A54E4FB0DA,0,blocked,links=10 inline=0 roles=23 paging=n iframes=0 text=3619 wall/challenge
145,Dominican University of California,https://www.paycomonline.net/v4/ats/web.php/portal/379D25BEB04D4E67539308A7BD902D82/career-page,0,blocked,links=7 inline=0 roles=10 paging=n iframes=0 text=4524 wall/challenge
146,University of California-Santa Barbara,http://recruit.ap.ucsb.edu/apply,0,inline-listing,links=0 inline=0 roles=45 paging=n iframes=0 text=17094
147,Westmont College,https://www.westmont.edu/office-provost/open-positions,2,unclear,links=1 inline=0 roles=1 paging=n iframes=0 text=4348
150,University of California-Santa Cruz,https://recruit.ucsc.edu/apply,0,inline-listing,links=0 inline=0 roles=86 paging=n iframes=0 text=25711
154,Humphreys University-Stockton and Modesto Campuses,https://www.humphreys.edu/career-opportunities/,2,unclear,links=2 inline=0 roles=0 paging=n iframes=0 text=4376
159,Whittier College,https://www.whittier.edu/humanresources/faculty,3,inline-listing,links=2 inline=3 roles=11 paging=y iframes=0 text=8908
160,Adams State University,https://adams.wd1.myworkdayjobs.com/ASU?jobFamilyGroup=17a14ea6887710013425d08f0be90001,3,inline-listing,links=3 inline=6 roles=4 paging=n iframes=0 text=1964
161,Colorado State University Global,https://faculty-csuglobal.icims.com/,1,looks-ok-now,links=9 inline=0 roles=0 paging=n iframes=1 text=7395
165,University of Colorado Colorado Springs,https://cu.taleo.net/careersection/2/moresearch.ftl?lang=en&location=6300103016&portal=101430233&radius=1&radiusType=K&searchExpanded=true,0,paginated,links=7 inline=0 roles=0 paging=y iframes=1 text=4805
168,University of Colorado Denver/Anschutz Medical Campus,https://cu.taleo.net/careersection/2/moresearch.ftl?lang=en,0,paginated,links=7 inline=0 roles=0 paging=y iframes=1 text=4805
175,Western Colorado University,https://western.wd1.myworkdayjobs.com/WESTERN?locations=f0acdfc60ce81008f9018ce54da70000&jobFamilyGroup=f0acdfc60ce81008d439787fbb740000,0,unclear,links=1 inline=0 roles=0 paging=n iframes=0 text=1257
178,Colorado State University Pueblo,https://csusystem.wd12.myworkdayjobs.com/en-US/pueblo_careers?locations=c42207b011c11000e4a22ee1cf1e0000&jobFamilyGroup=c42207b011c11000d2dd549d70320000,1,unclear,links=1 inline=2 roles=1 paging=n iframes=0 text=1049
179,University of Bridgeport,https://www.paycomonline.net/v4/ats/web.php/portal/A1640D81A59AFDAFC5501F5B06EF1B08/career-page,0,blocked,links=10 inline=0 roles=12 paging=n iframes=0 text=3227 wall/challenge
183,University of Connecticut-Avery Point,https://jobs.hr.uconn.edu/cw/en-us/filter/?search-keyword=&job-mail-subscribe-privacy=agree,0,looks-ok-now,links=55 inline=2 roles=71 paging=y iframes=0 text=78210
188,Charter Oak State College,https://www.charteroak.edu/aboutus/employment.php,3,unclear,links=2 inline=2 roles=2 paging=n iframes=0 text=5407
193,Mitchell College,https://mitchell.edu/careers/,3,unclear,links=4 inline=0 roles=0 paging=n iframes=0 text=5288
199,University of Saint Joseph,https://www.usj.edu/academics/health-care-careers/,0,blocked,links=0 inline=0 roles=0 paging=n iframes=0 text=105 wall/challenge
201,Eastern Connecticut State University,https://easternctstateuniversity.applytojob.com/apply/Zz4qJq9Kac/Assistant-Professor-Of-Nursing-Tenure-Track,2,unclear,links=6 inline=1 roles=11 paging=n iframes=0 text=7528
204,George Washington University,https://careers.gwu.edu/,1,unclear,links=5 inline=0 roles=0 paging=n iframes=0 text=3363
214,University of Delaware,https://www.udel.edu/apply/career-outcomes/,3,unclear,links=3 inline=0 roles=0 paging=n iframes=0 text=11146
215,Goldey-Beacom College,https://www.paycomonline.net/v4/ats/web.php/portal/019DF7F6E271614BAB2785B88C6A379F/career-page,0,blocked,links=2 inline=0 roles=2 paging=n iframes=0 text=2160 wall/challenge
219,Everglades University,https://www.evergladesuniversity.edu/employment-opportunities/,0,blocked,links=0 inline=0 roles=0 paging=n iframes=0 text=105 wall/challenge
221,Lynn University,https://www.lynn.edu/employment,1,unclear,links=3 inline=0 roles=0 paging=n iframes=0 text=4135
228,Nova Southeastern University,https://www.nova.edu/resources/employment.html,3,unclear,links=4 inline=0 roles=0 paging=n iframes=0 text=6937
237,Warner University,https://warner.edu/offices/human-resources/careers/,2,unclear,links=2 inline=0 roles=0 paging=n iframes=0 text=2640
238,Florida Southern College,http://www.guestservices.com/our-people/careers/,2,unclear,links=3 inline=0 roles=0 paging=n iframes=0 text=3190
240,University of Fort Lauderdale,https://uftlathletics.com/sports/2021/6/23/recruiting-questionnaire.aspx,0,iframe-listing,links=0 inline=0 roles=1 paging=n iframes=3 text=1945
244,Albizu University-Miami,https://workforcenow.adp.com/mascsr/default/mdf/recruitment/recruitment.html?cid=89df2234-abda-481d-9d9f-d75161691110&ccId=19000101_000001&type=JS&lang=en_US,2,no-listing-found,links=0 inline=0 roles=0 paging=n iframes=0 text=2001
246,Barry University,https://www.barry.edu/en/human-resources/,2,unclear,links=2 inline=0 roles=0 paging=n iframes=0 text=18529
249,Trinity International University-Florida,https://www.tiu.edu/human-resources/,1,unclear,links=1 inline=0 roles=0 paging=n iframes=0 text=2582
251,St. Thomas University,https://www.stu.edu/jobs,0,blocked,links=10 inline=0 roles=13 paging=n iframes=0 text=3144 wall/challenge
257,Flagler College,https://fa-ewbi-saasfaprod1.fa.ocs.oraclecloud.com/hcmUI/CandidateExperience/en/sites/CX_1,0,looks-ok-now,links=8 inline=0 roles=0 paging=n iframes=0 text=855
267,Trinity College of Florida,https://www.trinitycollege.edu/gainful-employment/,1,unclear,links=1 inline=0 roles=1 paging=n iframes=0 text=3376
271,Georgia Southwestern State University,https://www.gsw.edu/human-resources/careers,1,unclear,links=2 inline=2 roles=3 paging=n iframes=0 text=7441
277,Georgia State University,https://gsu.taleo.net/,0,no-listing-found,links=0 inline=0 roles=0 paging=n iframes=0 text=650
279,Oglethorpe University,https://oglethorpe.edu/about/offices-departments/human-resources/jobs/,3,unclear,links=3 inline=0 roles=0 paging=n iframes=0 text=4678
284,College of Coastal Georgia,https://careers.hprod.onehcm.usg.edu/psc/careers/CAREERS/HRMS/c/HRS_HRAM_FL.HRS_CG_SEARCH_FL.GBL?FOCUS=Applicant&SiteId=63000,0,no-listing-found,links=0 inline=0 roles=0 paging=n iframes=0 text=2807
285,University of West Georgia,https://careers.hprod.onehcm.usg.edu/psc/careers/CAREERS/HRMS/c/HRS_HRAM_FL.HRS_CG_SEARCH_FL.GBL?FOCUS=Applicant&SiteId=54000,0,blocked,page could not be fetched
288,Columbus State University,https://careers.hprod.onehcm.usg.edu/psc/careers/CAREERS/HRMS/c/HRS_HRAM_FL.HRS_CG_SEARCH_FL.GBL?FOCUS=Applicant&SiteId=30000,0,no-listing-found,links=0 inline=0 roles=0 paging=n iframes=0 text=2846
289,University of North Georgia,https://careers.hprod.onehcm.usg.edu/psc/careers/CAREERS/HRMS/c/HRS_HRAM_FL.HRS_CG_SEARCH_FL.GBL?FOCUS=Applicant&SiteId=53000,0,no-listing-found,links=0 inline=0 roles=0 paging=n iframes=0 text=2852
293,Piedmont University,https://www.piedmont.edu/employment/,3,blocked,links=2 inline=0 roles=0 paging=n iframes=0 text=4564 wall/challenge
299,Georgia Gwinnett College,https://careers.hprod.onehcm.usg.edu/psc/careers/CAREERS/HRMS/c/HRS_HRAM_FL.HRS_CG_SEARCH_FL.GBL?FOCUS=Applicant&SiteId=40000&,1,unclear,links=1 inline=0 roles=0 paging=n iframes=0 text=296
303,Wesleyan College,https://workforcenow.adp.com/mascsr/default/mdf/recruitment/recruitment.html?cid=acafb953-757f-4fc8-b0ee-c3d3b317c413&ccId=19000101_000001&lang=en_US,3,wrong-url,links=0 inline=0 roles=2 paging=n iframes=0 text=3545
304,Life University,https://life-csm.symplicity.com/employers/?signin_tab=0,0,no-listing-found,links=0 inline=0 roles=0 paging=n iframes=0 text=154
305,Georgia College & State University,https://careers.hprod.onehcm.usg.edu/psc/careers/CAREERS/HRMS/c/HRS_HRAM_FL.HRS_CG_SEARCH_FL.GBL?FOCUS=Applicant&SiteId=36000,0,no-listing-found,links=0 inline=0 roles=0 paging=n iframes=0 text=2844
312,Georgia Southern University,https://careers.hprod.onehcm.usg.edu/psc/careers/CAREERS/HRMS/c/HRS_HRAM_FL.HRS_CG_SEARCH_FL.GBL?FOCUS=Applicant&SiteId=39000,0,no-listing-found,links=0 inline=0 roles=0 paging=n iframes=0 text=2888
314,Abraham Baldwin Agricultural College,https://www.abac.edu/about/administration/human-resources.html,2,unclear,links=2 inline=2 roles=1 paging=n iframes=0 text=11416
317,Reinhardt University,https://www.reinhardt.edu/careers/,0,blocked,links=0 inline=0 roles=0 paging=n iframes=0 text=388 wall/challenge
332,Mount Mercy University,https://www.mtmercy.edu/careers/index.php,1,unclear,links=4 inline=0 roles=0 paging=n iframes=0 text=3913
333,Saint Ambrose University,https://sau.edu/about-sau/employment/,2,unclear,links=3 inline=0 roles=0 paging=n iframes=0 text=12565
334,Luther College,https://www.luther.edu/offices/hr/careers?utm_source=website&utm_medium=footer&utm_campaign=marketing&utm_content=careers,2,unclear,links=3 inline=0 roles=1 paging=n iframes=0 text=4796
336,Grand View University,https://www.grandview.edu/about/directory/careers-at-gv,3,unclear,links=5 inline=0 roles=2 paging=n iframes=0 text=5912
339,University of Dubuque,https://www.dbq.edu/AboutUD/Employment/Jobs/,3,inline-listing,links=3 inline=22 roles=42 paging=n iframes=0 text=119018
340,Maharishi International University,https://services.miu.edu/human-resources/faculty-positions-available/,3,inline-listing,links=0 inline=6 roles=5 paging=n iframes=0 text=2824
341,Upper Iowa University,https://my.uiu.edu/ICS/Employment_Opportunities.jnz,1,inline-listing,links=1 inline=0 roles=6 paging=n iframes=0 text=3902
343,Grinnell College,https://apply.interfolio.com/11893/positions,1,inline-listing,links=1 inline=0 roles=6 paging=y iframes=0 text=3917
344,Simpson College,https://apply.interfolio.com/191426,1,unclear,links=1 inline=0 roles=1 paging=n iframes=0 text=10893
346,Graceland University-Lamoni,https://sfp.ocs.oraclecloud.com/graceland/portal/saml),0,no-listing-found,links=0 inline=0 roles=0 paging=n iframes=0 text=2079
350,William Penn University,https://www.wmpenn.edu/adjunct-instructor-in-english-adjunct-faculty-position/,1,inline-listing,links=1 inline=0 roles=12 paging=n iframes=0 text=3285
352,Dordt University,https://ibmxjb.fa.ocs.oraclecloud.com/hcmUI/CandidateExperience/en/sites/CX_2/requisitions?lastSelectedFacet=CATEGORIES&selectedCategoriesFacet=300000008610535,0,unclear,links=1 inline=0 roles=0 paging=n iframes=0 text=1153
353,Briar Cliff University,https://Briarcliff.elluciancrmrecruit.com/Apply/Account/ProspectInquiry?f=9b05884a-c1c6-4c53-a445-22ac49ba3594&o=538fedc1-2f8d-4f30-89b1-d13415d0429c,0,blocked,page could not be fetched
354,Morningside University,https://www.morningside.edu/about/employment/adjunct-instructors-rosen-school-of-business,3,inline-listing,links=2 inline=2 roles=14 paging=n iframes=0 text=14526
358,The College of Idaho,https://collegeofidaho.edu/academics/undergrad/career-sectors/health-scientific-research,3,unclear,links=6 inline=0 roles=1 paging=n iframes=0 text=16357
369,University of Illinois Urbana-Champaign,https://humanresources.illinois.edu/job-seekers/?utm_source=illinois_homepage&utm_medium=referral&utm_campaign=footer,0,looks-ok-now,links=15 inline=0 roles=0 paging=n iframes=0 text=11144
370,Eastern Illinois University,https://apply.interfolio.com/190519,1,unclear,links=1 inline=0 roles=1 paging=n iframes=0 text=10655
373,DePaul University,https://ekze.fa.us2.oraclecloud.com/hcmUI/faces/FndOverview?fnd=%3B%3B%3B%3Bfalse%3B256%3B%3B%3B&fndGlobalItemNodeId=PER_HCMPEOPLETOP_FUSE_DIRECTORY,0,no-listing-found,links=0 inline=0 roles=0 paging=n iframes=0 text=1598
375,Illinois Institute of Technology,https://www.iit.edu/hr/about/employment-verification,2,unclear,links=2 inline=0 roles=0 paging=n iframes=0 text=3874
377,National Louis University,https://nl.edu/employment/,3,unclear,links=4 inline=1 roles=2 paging=n iframes=0 text=4444
378,North Park University,https://apply.workable.com/north-park-university/,1,unclear,links=2 inline=0 roles=0 paging=n iframes=0 text=3826
385,Trinity International University-Illinois,https://www.tiu.edu/human-resources/,1,unclear,links=1 inline=0 roles=0 paging=n iframes=0 text=2582
387,Southern Illinois University-Edwardsville,https://apply.interfolio.com/69563/positions,1,inline-listing,links=1 inline=0 roles=13 paging=y iframes=0 text=4940
389,Elmhurst University,https://apply.workable.com/elmhurst-edu/,1,unclear,links=2 inline=0 roles=0 paging=n iframes=0 text=3853
391,Northwestern University,https://careers.northwestern.edu,0,no-listing-found,links=0 inline=0 roles=0 paging=n iframes=0 text=12
392,Knox College,https://www.knox.edu/employment-at-knox/faculty,2,unclear,links=3 inline=0 roles=4 paging=n iframes=0 text=7292
399,Benedictine University,https://benu.csod.com/ux/ats/careersite/5/home?c=benu,0,unclear,links=2 inline=0 roles=0 paging=n iframes=0 text=485
400,Western Illinois University,https://sso.interviewexchange.com/wiu/sso.jsp,0,no-listing-found,links=0 inline=0 roles=0 paging=n iframes=0 text=1725
401,Monmouth College,https://www.monmouthcollege.edu/offices/hr/employment-opportunities/,0,inline-listing,links=0 inline=12 roles=35 paging=n iframes=0 text=26290
402,North Central College,https://www.northcentralcollege.edu/academic-affairs/staff-openings,3,unclear,links=4 inline=0 roles=0 paging=n iframes=0 text=3743
403,Illinois State University,https://isu.dc4.pageuppeople.com/default.aspx,0,no-listing-found,links=0 inline=0 roles=0 paging=n iframes=0 text=340
406,Quincy University,https://www.quincy.edu/about/work-at-qu/job-openings/,2,inline-listing,links=2 inline=1 roles=9 paging=n iframes=0 text=22998
422,Indiana Institute of Technology,https://www.paycomonline.net/v4/ats/web.php/jobs?clientkey=9B7DD7DDF4B46DE388E0D590C86BBE1D,0,blocked,links=10 inline=0 roles=2 paging=n iframes=0 text=3918 wall/challenge
423,Purdue University Fort Wayne,https://purdueuniversity.valhalla.stage.jobs2web.com/FW,3,unclear,links=5 inline=0 roles=0 paging=n iframes=0 text=1121
425,Franklin College,https://franklincollege.edu/about/key-offices/office-of-human-resources/employment-opportunities/,0,blocked,links=0 inline=0 roles=0 paging=n iframes=0 text=105 wall/challenge
427,Goshen College,https://www.goshen.edu/employment/director-of-human-resources/,2,wrong-url,links=0 inline=2 roles=2 paging=n iframes=0 text=11680
428,DePauw University,https://www.depauw.edu/offices/human-resources/employment/,3,unclear,links=2 inline=1 roles=1 paging=n iframes=0 text=4902
429,Hanover College,https://www.hanover.edu/about/employment/,0,unclear,links=4 inline=0 roles=0 paging=n iframes=0 text=4874
431,Butler University,https://fa-exer-saasfaprod1.fa.ocs.oraclecloud.com/hcmUI/CandidateExperience/en/sites/CX_1,0,unclear,links=7 inline=0 roles=0 paging=n iframes=0 text=716
434,Marian University,https://marian.elluciancrmrecruit.com/Apply/Account/Create?f=a0ee650e-16a5-4b95-b901-c5b3f4d00dd4&o=a3e67df5-dead-4937-a82d-f42c212e56d1&IsInquiry=True,0,no-listing-found,links=0 inline=0 roles=0 paging=y iframes=0 text=11526
435,Martin University,https://www.martin.edu/jobreadyindy,3,unclear,links=4 inline=1 roles=3 paging=n iframes=0 text=4847
440,Ball State University,https://wd12.myworkday.com/bsu/d/task/2998$42366.htmld#backheader=true,0,blocked,links=0 inline=0 roles=0 paging=n iframes=0 text=674 wall/challenge
443,Holy Cross College,https://www.hcc-nd.edu/career-opportunities/,3,unclear,links=3 inline=0 roles=0 paging=n iframes=0 text=5401
444,Saint Mary's College,https://www.saintmarys.edu/hr,2,unclear,links=3 inline=0 roles=0 paging=n iframes=0 text=3375
445,University of Notre Dame,https://jobs.smartrecruiters.com/my-applications/UniversityOfNotreDame?dcr_ci=UniversityOfNotreDame,0,no-listing-found,links=0 inline=0 roles=0 paging=n iframes=0 text=309
446,Oakland City University,https://www.oak.edu/academics/career-pathways-program/,1,unclear,links=3 inline=0 roles=0 paging=n iframes=0 text=2072
447,Earlham College,https://hr.earlham.edu/careers,0,wrong-url,links=0 inline=0 roles=1 paging=n iframes=0 text=4169
452,Rose-Hulman Institute of Technology,https://rosehulman.csod.com/ux/ats/careersite/9/home?c=rosehulman,0,unclear,links=3 inline=0 roles=0 paging=n iframes=0 text=1286
454,Valparaiso University,https://apply.interfolio.com/16338/positions,1,unclear,links=1 inline=0 roles=3 paging=y iframes=0 text=3609
456,Calumet College of Saint Joseph,https://recruiting.paylocity.com/recruiting/jobs/All/d3b73b32-f518-47ab-82f7-ac57a8a45ce4/Calumet-College,1,unclear,links=1 inline=0 roles=2 paging=n iframes=0 text=11955
458,Benedictine College,https://recruiting.paylocity.com/recruiting/jobs/Details/3764624/Benedictine-College/AssistantAssociate-Professor-of-Psychology,3,blocked,links=3 inline=0 roles=7 paging=n iframes=0 text=4149 wall/challenge
459,Baker University,https://www.bakeru.edu/about-baker/careers-baker,3,unclear,links=3 inline=0 roles=3 paging=n iframes=0 text=50162
460,Emporia State University,https://hr.hornet365.com/open-positions,2,unclear,links=1 inline=0 roles=1 paging=n iframes=0 text=1959
461,Barclay College,https://www.barclaycollege.edu/jobs/,3,unclear,links=2 inline=0 roles=0 paging=n iframes=0 text=847
464,University of Kansas,https://employment.ku.edu,3,looks-ok-now,links=11 inline=0 roles=0 paging=n iframes=0 text=3424
466,Bethany College,https://workforcenow.adp.com/mascsr/default/mdf/recruitment/recruitment.html?cid=06849628-1ff9-4555-9b68-cb637d20bae8&ccId=19000101_000001&type=JS&lang=en_US,3,no-listing-found,links=0 inline=0 roles=1 paging=n iframes=0 text=2195
470,McPherson College,https://my.mcpherson.edu/ICS/Employment/Employment_Landing_Page.jnz?portlet=Employment_Position_Application,1,iframe-listing,links=2 inline=0 roles=0 paging=n iframes=1 text=1341
471,Bethel College-North Newton,https://jobs.bethelks.edu/,3,unclear,links=4 inline=1 roles=1 paging=n iframes=0 text=1151
473,Ottawa University-Ottawa,https://www.paycomonline.net/v4/ats/web.php/jobs?clientkey=AB201C499D53A5D603D5BE296513B383,0,blocked,links=10 inline=0 roles=40 paging=n iframes=0 text=5816 wall/challenge
474,Ottawa University-Kansas City,https://www.paycomonline.net/v4/ats/web.php/jobs?clientkey=AB201C499D53A5D603D5BE296513B383,0,blocked,links=10 inline=0 roles=40 paging=n iframes=0 text=5816 wall/challenge
475,Pittsburg State University,https://ebyf.fa.us2.oraclecloud.com/hcmUI/CandidateExperience/en/sites/CX_1001/jobs/preview/76/?mode=location,2,unclear,links=4 inline=2 roles=19 paging=n iframes=0 text=5813
476,Kansas Wesleyan University,https://www.kwu.edu/about/careers/,3,unclear,links=4 inline=0 roles=1 paging=n iframes=0 text=6261
482,Southwestern College,https://www.sckans.edu/about/employment/,3,inline-listing,links=1 inline=5 roles=17 paging=n iframes=0 text=33353
485,Western Kentucky University,https://sso.interviewexchange.com/wku/sso.jsp,0,no-listing-found,links=0 inline=0 roles=0 paging=n iframes=0 text=179
487,Lindsey Wilson College,https://lindsey.elluciancrmrecruit.com/Apply/Account/Create,0,no-listing-found,links=0 inline=0 roles=0 paging=y iframes=0 text=7944
491,Georgetown College,https://www.georgetowncollege.edu/careers-georgetown-college,3,unclear,links=3 inline=0 roles=0 paging=n iframes=0 text=11507
495,University of Kentucky,https://careers.uky.edu/careers/hr,1,unclear,links=3 inline=0 roles=0 paging=n iframes=0 text=986
497,Spalding University,https://spalding.edu/careers/,1,iframe-listing,links=1 inline=0 roles=0 paging=n iframes=1 text=2577
498,University of Louisville,https://cardinalcareers-csm.symplicity.com/,2,unclear,links=1 inline=0 roles=0 paging=n iframes=0 text=252
499,Midway University,https://www.paycomonline.net/v4/ats/web.php/jobs?clientkey=0360F3B5A2EC741788B51C99C6E17513&jpt=,0,blocked,links=6 inline=0 roles=7 paging=n iframes=0 text=2941 wall/challenge
500,Morehead State University,https://www.moreheadstate.edu/about-msu/leadership/administration/human-resources/careers,1,unclear,links=7 inline=0 roles=1 paging=n iframes=0 text=3562
502,Brescia University,https://www.brescia.edu/employment/,0,blocked,page could not be fetched
503,Kentucky Wesleyan College,https://kwc.edu/about-wesleyan/employment-opportunities/,0,blocked,page could not be fetched
504,University of Pikeville,https://www.upike.edu/offices/human-resources/careers/,1,unclear,links=1 inline=0 roles=0 paging=n iframes=0 text=3083
505,Alice Lloyd College,https://alc.edu/special-learning-opportunities/,3,unclear,links=1 inline=0 roles=3 paging=n iframes=0 text=11728
507,University of the Cumberlands,https://www.myworkday.com/ucumberlands/,0,no-listing-found,links=0 inline=0 roles=0 paging=n iframes=0 text=224
508,Asbury University,https://jobs.asbury.edu/,1,unclear,links=1 inline=0 roles=0 paging=n iframes=0 text=217
513,Southeastern Louisiana University,https://wd503.myworkday.com/ulsselu/,0,no-listing-found,links=0 inline=0 roles=0 paging=n iframes=0 text=1105
515,McNeese State University,https://www.mcneese.edu/financial-aid/gainful-employment-disclosure-information/,1,wrong-url,links=0 inline=0 roles=1 paging=n iframes=0 text=4705
521,Tulane University of Louisiana,https://tulane-ibqejb.fa.ocs.oraclecloud.com/hcmUI/CandidateExperience/en/sites/CX_1001,0,unclear,links=5 inline=0 roles=0 paging=n iframes=0 text=896
523,University of New Orleans,https://www.uno.edu/careers,3,unclear,links=5 inline=0 roles=0 paging=n iframes=0 text=15755
526,Louisiana Tech University,https://ulsltu.wd1.myworkdayjobs.com/LATECHCareers,0,no-listing-found,links=0 inline=0 roles=0 paging=n iframes=0 text=652
527,Centenary College of Louisiana,https://www.centenary.edu/directories/offices-services-directory/human-resources/job-opportunities/,3,unclear,links=4 inline=8 roles=20 paging=n iframes=0 text=33339
528,Louisiana State University-Shreveport,https://lsus.edu2.com/topic/programsteps,0,no-listing-found,links=0 inline=0 roles=2 paging=y iframes=0 text=4754
530,Amherst College,https://wd5.myworkday.com/amherst/d/home.htmld,0,no-listing-found,links=0 inline=0 roles=0 paging=n iframes=0 text=161
531,Hampshire College,https://www.hampshire.edu/offices/human-resources/employment-opportunities,1,wrong-url,links=0 inline=0 roles=0 paging=n iframes=0 text=3235
532,University of Massachusetts-Amherst,https://umassamherst.dc4.pageuppeople.com/,0,no-listing-found,links=0 inline=0 roles=0 paging=n iframes=0 text=179
535,Cambridge College,https://www.cambridgecollege.edu/es/life-at-cc/career-life-planning-center,2,unclear,links=3 inline=0 roles=0 paging=n iframes=0 text=5919
536,Emerson College,https://emerson.wd5.myworkdayjobs.com/en-US/Emerson_College_ft_faculty,0,no-listing-found,links=0 inline=0 roles=0 paging=n iframes=0 text=2167
538,Fisher College,https://www.fisher.edu/careers,2,unclear,links=2 inline=0 roles=0 paging=n iframes=0 text=3576
539,Northeastern University,https://hr.northeastern.edu/careers/job-listings/,3,unclear,links=7 inline=0 roles=1 paging=n iframes=0 text=3960
546,Massachusetts Maritime Academy,https://www.maritime.edu/human-resources/employment-opportunities,3,unclear,links=3 inline=0 roles=0 paging=n iframes=0 text=5366
547,Harvard University,https://hr.harvard.edu/careers,0,blocked,page could not be fetched
551,College of Our Lady of the Elms,https://www.elms.edu/about-elms/administrative-offices/human-resources/employment/,2,unclear,links=3 inline=1 roles=1 paging=n iframes=0 text=7660
553,Stonehill College,https://jobs.stonehill.edu/hr/sessions/new,0,blocked,page could not be fetched
554,Fitchburg State University,https://jobs.fitchburgstate.edu,2,no-listing-found,links=0 inline=1 roles=2 paging=n iframes=0 text=1493
557,Bay Path University,https://www.paycomonline.net/v4/ats/web.php/portal/3A2948EF284B8722FEE42E01FB156C27/career-page,0,blocked,links=10 inline=0 roles=3 paging=n iframes=0 text=4565 wall/challenge
558,University of Massachusetts-Lowell,https://www.uml.edu/academics/programs/?career=undergraduate&utm_source=home,1,iframe-listing,links=3 inline=0 roles=0 paging=n iframes=2 text=25745
560,Curry College,https://www.curry.edu/about-us/community-resources/human-resources-and-employment/job-opportunities,3,unclear,links=3 inline=0 roles=0 paging=n iframes=0 text=6807
561,Lasell University,https://www.lasell.edu/discover-lasell/employment/about-human-resources.html#nav,2,unclear,links=4 inline=0 roles=0 paging=n iframes=0 text=5757
563,Merrimack College,https://merrimack-advocate.symplicity.com/care_report/index.php/pid854103,0,no-listing-found,links=0 inline=0 roles=1 paging=n iframes=0 text=4246
567,Anna Maria College,https://annamaria.edu/work-at-anna-maria/,1,unclear,links=1 inline=0 roles=1 paging=y iframes=0 text=4593
571,American International College,https://workforcenow.adp.com/mascsr/default/mdf/recruitment/recruitment.html?cid=4f7bf2c8-4d1c-459f-99e3-bc1939cfa417&ccId=9201445022114_2&lang=en_US,0,inline-listing,links=0 inline=0 roles=14 paging=n iframes=0 text=5089
573,Western New England University,https://www.paycomonline.net/v4/ats/web.php/jobs?clientkey=3C67A483237F6A324625AB95D568B0C1&fromClientSide=true,0,blocked,links=10 inline=0 roles=7 paging=n iframes=0 text=3109 wall/challenge
576,Babson College,https://entrepreneurship.babson.edu/career-outcomes-mba-class-2025/?share=linkedin,1,unclear,links=1 inline=0 roles=0 paging=n iframes=0 text=754
581,Williams College,https://employment.williams.edu/,2,unclear,links=2 inline=2 roles=1 paging=n iframes=0 text=2491
590,Johns Hopkins University,https://facultyjobs.jhu.edu,3,unclear,links=5 inline=0 roles=0 paging=n iframes=0 text=931
599,Mount St. Mary's University,https://inside.msmary.edu/more/human-resources/employment-opportunities/index.html#faculty-jobs,0,blocked,links=0 inline=0 roles=0 paging=n iframes=0 text=105 wall/challenge
602,Capitol Technology University,https://captechu-csm.symplicity.com/,3,unclear,links=2 inline=0 roles=0 paging=n iframes=0 text=262
606,St. Mary's College of Maryland,https://apply.interfolio.com/190337,1,unclear,links=1 inline=0 roles=4 paging=n iframes=0 text=8270
609,Towson University,https://towson.taleo.net/careersection/ex/jobsearch.ftl,0,iframe-listing,links=0 inline=1 roles=1 paging=y iframes=1 text=6540
612,Husson University,https://www.husson.edu/about/human-resources/index.html,3,unclear,links=3 inline=0 roles=0 paging=n iframes=0 text=2853
613,University of New England,https://une.peopleadmin.com/,1,unclear,links=4 inline=1 roles=1 paging=n iframes=0 text=2827
616,University of Maine at Farmington,#VALUE!,0,blocked,page could not be fetched
617,University of Maine at Fort Kent,https://www.maine.edu/careers/,1,unclear,links=2 inline=0 roles=0 paging=n iframes=0 text=4431
620,University of Southern Maine,https://usm.careers.maine.edu/,2,looks-ok-now,links=26 inline=0 roles=2 paging=n iframes=0 text=6959
621,University of Maine at Presque Isle,https://www.umpi.edu/human-resources/jobs-at-umpi/,2,unclear,links=2 inline=0 roles=0 paging=n iframes=0 text=2179
623,Colby College,https://www.colby.edu/people/offices-directory/human-resources/employment/academic-positions-available/,1,unclear,links=1 inline=0 roles=0 paging=n iframes=0 text=1679
626,Siena Heights University,https://www.sienaheights.edu/past-syllabi-employment-and-financial-aid/,0,no-listing-found,links=0 inline=0 roles=0 paging=n iframes=0 text=6858
627,Albion College,https://apply.interfolio.com/9409/positions,1,unclear,links=1 inline=0 roles=0 paging=y iframes=0 text=3579
631,University of Michigan-Ann Arbor,https://careers.umich.edu/search-jobs,3,looks-ok-now,links=8 inline=1 roles=1 paging=n iframes=0 text=3528
632,Andrews University,https://andrewsu-advocate.symplicity.com/care_report/index.php/pid627169,0,no-listing-found,links=0 inline=0 roles=0 paging=n iframes=0 text=3302
634,University of Michigan-Dearborn,https://careers.umich.edu/search-jobs,3,looks-ok-now,links=8 inline=1 roles=1 paging=n iframes=0 text=3528
638,Kettering University,https://www.kettering.edu/co-op-career-design,1,unclear,links=3 inline=0 roles=0 paging=n iframes=0 text=9800
639,University of Michigan-Flint,https://careers.umich.edu/search-jobs,3,looks-ok-now,links=8 inline=1 roles=1 paging=n iframes=0 text=3528
656,Baker College,https://www.baker.edu/about/get-to-know-us/careers/,3,blocked,links=3 inline=0 roles=1 paging=n iframes=0 text=3996 wall/challenge
659,Lake Superior State University,https://lssu.elluciancrmrecruit.com/Apply/Account/Create?f=74d097fd-e977-4014-8c74-57ea15a7d036&o=c32620df-99a6-4d73-825b-e072a3556b81&s=35d02c13-f240-e811-80d9-0a19abd13584&IsInquiry=True,0,iframe-listing,links=0 inline=0 roles=0 paging=y iframes=2 text=9867
661,Spring Arbor University,https://springarbor.edu/about/offices-and-schools/human-resources/careers.php,2,unclear,links=2 inline=0 roles=0 paging=n iframes=0 text=3241
662,Walsh College,https://www.paycomonline.net/v4/ats/web.php/jobs?clientkey=8B50A1FFE490890FFF138330679CB02A&fromClientSide=true,0,blocked,links=1 inline=0 roles=2 paging=n iframes=0 text=1532 wall/challenge
663,Saginaw Valley State University,https://wd503.myworkday.com/svsu/d/home.htmld,0,no-listing-found,links=0 inline=0 roles=0 paging=n iframes=0 text=109
665,Eastern Michigan University,https://secure.dc4.pageuppeople.com/apply/1092/aw/applicationForm/default.asp,0,no-listing-found,links=0 inline=0 roles=0 paging=n iframes=0 text=3502
666,Bemidji State University,https://minnstate.wd115.myworkdayjobs.com/Minnesota_State_Careers?Institution=a7c1912089511000d545d2b3d8c70002,3,unclear,links=5 inline=1 roles=1 paging=n iframes=0 text=2826
675,Southwest Minnesota State University,https://minnstate.wd115.myworkdayjobs.com/Minnesota_State_Careers?Institution=a7c1912089511000d545c27b54900000,3,unclear,links=5 inline=2 roles=4 paging=n iframes=0 text=2840
683,Minnesota State University Moorhead,https://minnstate.wd115.myworkdayjobs.com/Minnesota_State_Careers?Institution=a7c1912089511000d545deb6e32a0001,1,unclear,links=2 inline=0 roles=0 paging=n iframes=0 text=2431
685,Carleton College,https://www.myworkday.com/carleton/d/home.htmld,0,no-listing-found,links=0 inline=0 roles=0 paging=n iframes=0 text=152
686,St Olaf College,https://fa-ewur-saasfaprod1.fa.ocs.oraclecloud.com/hcmUI/CandidateExperience/en/sites/CX_3,0,looks-ok-now,links=8 inline=0 roles=0 paging=n iframes=0 text=789
687,Crown College,https://secure5.entertimeonline.com/ta/CBIZ20706.careers?CareersSearch,1,inline-listing,links=1 inline=4 roles=19 paging=n iframes=0 text=6990
692,Hamline University,https://hamline.wd5.myworkdayjobs.com/Faculty_Career_Site,1,unclear,links=2 inline=2 roles=1 paging=n iframes=0 text=903
698,Gustavus Adolphus College,https://gustavus.edu/about/administrative-offices/human-resources/employment-opportunities-human-resources,3,unclear,links=3 inline=1 roles=1 paging=n iframes=0 text=6540
705,Columbia College,https://www.ccis.edu/careers/jobs,2,unclear,links=2 inline=0 roles=0 paging=n iframes=0 text=3323
707,University of Missouri-Columbia,https://www.umsystem.edu/ums/hr/income,1,unclear,links=1 inline=0 roles=0 paging=n iframes=0 text=3298
711,Hannibal-LaGrange University,https://www.hlg.edu/forms/adjunctfacultyapplication/,0,blocked,links=0 inline=0 roles=0 paging=n iframes=0 text=105 wall/challenge
713,Missouri Southern State University,https://www.mssu.edu/financial-services/human-resources/eeoc.php,2,unclear,links=1 inline=0 roles=0 paging=n iframes=0 text=3932
714,Avila University,https://www.avila.edu/about/administrative-offices/human-resources/careers/,3,unclear,links=3 inline=0 roles=0 paging=n iframes=0 text=6198
717,Rockhurst University,https://www.rockhurst.edu/about/human-resources/equal-employment-opportunity,3,unclear,links=4 inline=0 roles=0 paging=n iframes=0 text=1751
718,University of Missouri-Kansas City,https://www.umkc.edu/hr/careers/index.html,1,unclear,links=1 inline=0 roles=0 paging=n iframes=0 text=2007
720,William Jewell College,https://www.jewell.edu/employment,2,unclear,links=2 inline=0 roles=1 paging=n iframes=0 text=6137
734,University of Missouri-St Louis,https://www.umsl.edu/services/hrs/careers/index.html,3,unclear,links=5 inline=0 roles=0 paging=n iframes=0 text=2726
736,Webster University,https://recruiting.adp.com/srccar/public/RTI.home?c=1180715&d=ExternalCareerSite,0,no-listing-found,links=0 inline=0 roles=1 paging=n iframes=0 text=3630
739,Mission University,https://mission.edu/jobs/,3,unclear,links=2 inline=0 roles=0 paging=n iframes=0 text=2109
748,William Carey University,https://www.paycomonline.net/v4/ats/web.php/jobs?clientkey=E66B3C1689D7CACD88837E5AD889588C,0,blocked,links=10 inline=0 roles=12 paging=n iframes=0 text=4637 wall/challenge
758,Montana State University Billings,http://www.mus.edu/hr/jobs.asp,3,looks-ok-now,links=10 inline=0 roles=0 paging=n iframes=0 text=2697
759,Rocky Mountain College,https://www.facebook.com/rockymountaincollege/,0,no-listing-found,links=0 inline=0 roles=0 paging=n iframes=0 text=1062
763,University of Providence,https://www.uprovidence.edu/employment/,0,unclear,links=1 inline=0 roles=1 paging=n iframes=0 text=4568
766,The University of Montana,https://apply.interfolio.com/53871/positions,1,inline-listing,links=1 inline=0 roles=7 paging=y iframes=0 text=4605
769,Belmont Abbey College,https://belmontabbeycollege.edu/about-us/employment,3,unclear,links=4 inline=2 roles=5 paging=n iframes=0 text=15754
780,Davidson College,https://fa-exci-saasfaprod1.fa.ocs.oraclecloud.com/hcmUI/CandidateExperience/en/sites/CX_2,0,looks-ok-now,links=11 inline=0 roles=0 paging=n iframes=0 text=2369
799,Mars Hill University,https://jobs.appone.com/marshilluniversity,0,no-listing-found,links=0 inline=0 roles=0 paging=n iframes=0 text=3210
802,University of Mount Olive,https://www.umo.edu/employment/,0,blocked,links=0 inline=0 roles=0 paging=n iframes=0 text=105 wall/challenge
803,Chowan University,https://www.chowan.edu/about/offices/human-resources/workstudyjobs/,2,inline-listing,links=2 inline=3 roles=3 paging=n iframes=0 text=2322
811,Catawba College,https://www.catawba.edu/jobs/,2,unclear,links=3 inline=1 roles=3 paging=n iframes=0 text=66836
813,Warren Wilson College,https://www.warren-wilson.edu/about/employment/,1,unclear,links=1 inline=1 roles=2 paging=n iframes=0 text=3445
815,Barton College,https://www.barton.edu/academics/academic-career-planning/,1,unclear,links=3 inline=0 roles=0 paging=n iframes=0 text=6010
817,Salem College,https://www.salem.edu/about/employment/limitedtermcustodian/,2,unclear,links=1 inline=0 roles=0 paging=n iframes=0 text=9467
818,Wake Forest University,https://wfu.wd1.myworkdayjobs.com/Faculty_Career_Website_live,3,unclear,links=4 inline=4 roles=3 paging=n iframes=0 text=4523
823,North Dakota State University-Main Campus,https://www.ndsu.edu/employment,2,unclear,links=2 inline=0 roles=0 paging=n iframes=0 text=4882
826,Mayville State University,https://www.mayvillestate.edu/campus-life/campus-employment/,2,unclear,links=3 inline=0 roles=0 paging=n iframes=0 text=3022
827,Minot State University,https://www.minotstateu.edu/hr,2,unclear,links=2 inline=0 roles=0 paging=n iframes=0 text=3066
829,Bellevue University,https://workforcenow.adp.com/mascsr/default/mdf/recruitment/recruitment.html?cid=191fb38a-3b70-4f49-b37f-cb2eda186474&ccId=9201943470232_2&lang=en_US,0,unclear,links=1 inline=1 roles=2 paging=n iframes=0 text=4043
833,Hastings College,https://www.hastings.edu/academics/academic-opportunities/,3,unclear,links=3 inline=0 roles=0 paging=n iframes=0 text=8372
834,University of Nebraska at Kearney,https://unknews.unk.edu/2026/08/25/vail-ziolkowski-beissel-heath-selected-for-endowed-faculty-positions-at-unk/,1,inline-listing,links=2 inline=0 roles=14 paging=y iframes=0 text=7332
845,York University,https://www.york.edu/about/employment.php#faculty,2,unclear,links=4 inline=5 roles=19 paging=n iframes=0 text=32277
852,University of New Hampshire College of Professional Studies Online,https://cps.unh.edu/online/why-unh-cps-online/career-support,1,unclear,links=2 inline=0 roles=0 paging=n iframes=0 text=9689
855,Colby-Sawyer College,https://secure.entertimeonline.com/ta/ColbySawyer.careers?CareersSearch&ein_id=85020931&career_portal_id=1130757,1,inline-listing,links=1 inline=3 roles=8 paging=n iframes=0 text=5872
861,The College of New Jersey,https://tcnj.taleo.net/careersection/00_ex_faculty/jobsearch.ftl?lang=en,2,looks-ok-now,links=8 inline=0 roles=1 paging=y iframes=0 text=2911
864,Centenary University,https://www.instagram.com/p/DcMh4Y-oP_M/,1,unclear,links=1 inline=0 roles=1 paging=n iframes=0 text=1740
868,Saint Peter's University,https://www.paycomonline.net/v4/ats/web.php/portal/055E28882001FE667534B0880CFCD275/career-page,0,blocked,links=10 inline=0 roles=4 paging=n iframes=0 text=3367 wall/challenge
869,Georgian Court University,https://workforcenow.adp.com/mascsr/default/mdf/recruitment/recruitment.html?cid=0674ba22-8f97-458a-80c0-91217826b19b&ccId=9151465763873_19553&lang=en_US,1,wrong-url,links=0 inline=0 roles=4 paging=n iframes=0 text=3166
872,Drew University,https://drew.edu/about/human-resources/employment-opportunities/,0,looks-ok-now,links=36 inline=8 roles=8 paging=n iframes=0 text=41379
873,Fairleigh Dickinson University-Florham Campus,https://www.instagram.com/reel/Db53N_YDMHp/,1,unclear,links=1 inline=0 roles=0 paging=n iframes=0 text=1335
878,New Jersey Institute of Technology,https://jobs.njit.edu,1,looks-ok-now,links=22 inline=10 roles=11 paging=n iframes=0 text=3501
884,Fairleigh Dickinson University-Metropolitan Campus,https://www.instagram.com/reel/Db53N_YDMHp/,1,unclear,links=1 inline=0 roles=0 paging=n iframes=0 text=1335
885,Thomas Edison State University,https://tesu.elluciancrmrecruit.com/Apply/Account/ProspectInquiry?f=a5c390e3-cba0-4376-b596-8fba5466af6e&o=8a362f72-262c-48bc-a36d-c5d6e0f75af6&s=c1a80143-768e-e311-a614-00155d01181f,0,iframe-listing,links=0 inline=0 roles=2 paging=y iframes=1 text=12644
891,University of New Mexico-Main Campus,https://unmjobs.unm.edu/,1,unclear,links=7 inline=0 roles=0 paging=n iframes=0 text=3382
895,New Mexico Highlands University,https://www.paycomonline.net/v4/ats/web.php/portal/2881FFE43C19E2921F626A9C2B366153/career-page,0,blocked,links=10 inline=0 roles=0 paging=n iframes=0 text=3643 wall/challenge
897,Institute of American Indian and Alaska Native Culture and Arts Development,https://iaia.edu/about/employment/,3,unclear,links=5 inline=0 roles=1 paging=n iframes=0 text=12297
905,Excelsior University,https://www.excelsior.edu/career-training,1,unclear,links=6 inline=1 roles=3 paging=n iframes=0 text=10362
907,University at Albany,https://albany.interviewexchange.com/jobsearchfrm.jsp,3,unclear,links=3 inline=0 roles=0 paging=n iframes=0 text=583
909,Daemen University,https://www.daemen.edu/about/working-daemen/employment-opportunities,1,unclear,links=1 inline=0 roles=0 paging=n iframes=0 text=5989
913,CUNY Lehman College,https://cuny.jobs/campus/lehman-college/job-category/faculty/jobs/,3,looks-ok-now,links=12 inline=6 roles=8 paging=n iframes=0 text=2466
916,University of Mount Saint Vincent,https://mountsaintvincent.edu/employment-opportunities/,1,inline-listing,links=2 inline=5 roles=6 paging=n iframes=0 text=2456
917,CUNY Brooklyn College,https://cuny.jobs/campus/brooklyn-college/job-category/faculty/jobs/,0,unclear,links=2 inline=0 roles=0 paging=n iframes=0 text=1943
918,CUNY Medgar Evers College,https://cuny.jobs/campus/medgar-evers-college/job-category/faculty/jobs/,1,looks-ok-now,links=8 inline=2 roles=2 paging=n iframes=0 text=2171
923,Long Island University,https://jobs.liu.edu/job_details/4967,1,unclear,links=1 inline=0 roles=2 paging=n iframes=0 text=3061
925,D'Youville  University,https://dyouville-university.prismhr-hire.com/job/726161/college-of-osteopathic-medicine-chair-primary-care,3,inline-listing,links=3 inline=1 roles=8 paging=n iframes=0 text=7677
929,Villa Maria College,https://www.villa.edu/about-us/employment-opportunities/employment-application/,2,inline-listing,links=1 inline=1 roles=6 paging=n iframes=0 text=33881
930,SUNY College of Technology at Canton,https://canton-accommodate.symplicity.com/,1,no-listing-found,links=0 inline=0 roles=0 paging=n iframes=0 text=147
931,St Lawrence University,https://careerhub-clarkson.icims.com/jobs/search?hashed=-625885781&mobile=false&width=1246&height=500&bga=true&needsRedirect=false&jan1offset=-300&jun1offset=-240,0,iframe-listing,links=0 inline=1 roles=1 paging=n iframes=4 text=4197
939,Elmira College,https://www.elmira.edu/welcome-to-elmira/about-ec/careers/careers,0,blocked,page could not be fetched
951,CUNY York College,https://cuny.jobs/campus/york-college/job-category/faculty/jobs/,1,looks-ok-now,links=8 inline=2 roles=2 paging=n iframes=0 text=2119
953,Siena College,https://siena.interviewexchange.com/jobsearchfrm.jsp,2,unclear,links=2 inline=0 roles=1 paging=n iframes=0 text=581
955,Iona University,https://www.paycomonline.net/v4/ats/web.php/jobs?clientkey=F28471DFA0F4183976163E181A695BE1,0,blocked,links=10 inline=0 roles=19 paging=n iframes=0 text=3722 wall/challenge
959,Boricua College,https://www.boricuacollege.edu/careers,1,unclear,links=2 inline=0 roles=0 paging=y iframes=0 text=3391
962,CUNY Graduate School and University Center,https://cuny.jobs/campus/graduate-center/job-category/faculty/jobs/,1,looks-ok-now,links=8 inline=2 roles=2 paging=n iframes=0 text=2157
963,CUNY Hunter College,https://cuny.jobs/campus/hunter-college/job-category/faculty/jobs/,3,looks-ok-now,links=10 inline=3 roles=5 paging=n iframes=0 text=2367
965,Columbia University in the City of New York,https://academic.careers.columbia.edu/,2,inline-listing,links=2 inline=14 roles=25 paging=n iframes=0 text=4506
969,Metropolitan College of New York,https://www.paycomonline.net/v4/ats/web.php/portal/0AFB6B93B59D609A2037FAB5547D9B02/career-page,0,blocked,links=5 inline=0 roles=1 paging=n iframes=0 text=2391 wall/challenge
970,New York University,https://www.nyu.edu/about/university-initiatives/nyu-irl.html,2,no-listing-found,links=0 inline=0 roles=0 paging=n iframes=0 text=12409
971,Pace University,https://secure6.saashr.com/ta/6000630.careers?CareersSearch,1,inline-listing,links=1 inline=1 roles=15 paging=n iframes=0 text=8069
973,The King's College,https://www.tkc.edu/?page_id=1006,2,unclear,links=2 inline=0 roles=0 paging=n iframes=0 text=2927
979,New York Institute of Technology,https://www.nyit.edu/human_resources/careers,3,iframe-listing,links=2 inline=0 roles=0 paging=n iframes=1 text=2003
983,Dominican University New York,https://www.duny.edu/category/employment-opportunities/,0,blocked,page could not be fetched
987,Clarkson University,https://careerhub-clarkson.icims.com,0,iframe-listing,links=0 inline=1 roles=1 paging=n iframes=4 text=4161
992,SUNY at Purchase College,https://jobs.purchase.edu/,2,unclear,links=3 inline=0 roles=0 paging=n iframes=0 text=2004
993,CUNY Queens College,https://cuny.jobs/campus/queens-college/job-category/faculty/jobs/,1,looks-ok-now,links=8 inline=2 roles=4 paging=n iframes=0 text=2144
999,St. John Fisher University,https://www.sjf.edu/services/human-resources/career-experience/,1,unclear,links=3 inline=0 roles=3 paging=n iframes=0 text=3443
1003,Empire State University,https://esc.interviewexchange.com/static/clients/397ESM1/index.jsp?catid=802,2,unclear,links=2 inline=0 roles=2 paging=n iframes=0 text=1174
1004,Skidmore College,https://www.skidmore.edu/advancement/giving-opportunities/index.php,1,no-listing-found,links=0 inline=0 roles=0 paging=n iframes=0 text=5012
1006,St. Thomas Aquinas College,https://stac.edu/offices/human-resources/employment-opportunities/faculty-positions/,1,inline-listing,links=3 inline=2 roles=29 paging=n iframes=0 text=13492
1007,College of Staten Island CUNY,https://cuny.jobs/campus/college-of-staten-island/job-category/faculty/jobs/,1,unclear,links=2 inline=0 roles=0 paging=n iframes=0 text=1951
1009,Stony Brook University,https://stonybrook-advocate.symplicity.com/collections/reportit/4a9adc9d6aa24c3cf581ea5daa46cd25,0,no-listing-found,links=0 inline=0 roles=0 paging=n iframes=0 text=2968
1014,Rensselaer Polytechnic Institute,https://rpi.dc4.pageuppeople.com/dashboard,0,no-listing-found,links=0 inline=0 roles=0 paging=n iframes=0 text=626
1031,Mount St. Joseph University,https://www.msj.edu/employment-at-the-university/index.html,3,unclear,links=3 inline=2 roles=2 paging=n iframes=0 text=6516
1036,Case Western Reserve University,https://apply.interfolio.com/31694/positions,1,inline-listing,links=3 inline=0 roles=14 paging=y iframes=0 text=6413
1037,Cleveland State University,https://www.csuohio.edu/hrd/hr-employment,1,unclear,links=5 inline=0 roles=0 paging=n iframes=0 text=4500
1044,University of Dayton,https://careers.pageuppeople.com/875/cw/en-us/subscribe,2,unclear,links=3 inline=1 roles=1 paging=n iframes=0 text=3001
1045,Wright State University-Main Campus,#VALUE!,0,blocked,page could not be fetched
1046,Defiance College,https://www.defiance.edu/employment-opportunities/,1,unclear,links=1 inline=0 roles=0 paging=n iframes=0 text=22466
1050,Denison University,https://apply.interfolio.com/11076/positions,1,unclear,links=1 inline=0 roles=4 paging=y iframes=0 text=3704
1052,Hiram College,https://www.hiram.edu/about-hiram-college/human-resources/careers-at-hiram/,0,blocked,links=0 inline=0 roles=0 paging=n iframes=0 text=105 wall/challenge
1053,Kent State University at Kent,https://jobs.kent.edu/,2,unclear,links=4 inline=0 roles=0 paging=n iframes=0 text=3979
1055,Ohio State University-Lima Campus,https://lima.osu.edu/weserve/weserve-volunteer-opportunities,3,inline-listing,links=1 inline=9 roles=9 paging=n iframes=0 text=3452
1060,Muskingum University,https://www.muskingum.edu/human-resources/careers,3,unclear,links=3 inline=0 roles=2 paging=n iframes=0 text=4592
1061,Walsh University,https://www.walsh.edu/careers.html,2,unclear,links=5 inline=0 roles=0 paging=n iframes=1 text=2906
1069,Lourdes University,https://recruiting.paylocity.com/recruiting/jobs/All/6800f223-2b60-47fe-ba0e-3602afc127d6/Lourdes-University,0,no-listing-found,links=0 inline=0 roles=0 paging=n iframes=0 text=12102
1082,Northwestern Oklahoma State University,https://nwosu.jotform.com/form/app-for-employment-non-exemt,0,no-listing-found,links=0 inline=0 roles=0 paging=n iframes=0 text=191
1086,University of Science and Arts of Oklahoma,https://usao.edu/about/human-resources/careers-at-usao.html,3,unclear,links=4 inline=1 roles=1 paging=n iframes=0 text=6115
1087,Rogers State University,https://my.rsu.edu/ICS/RSU_Jobs/RSU_Employment_Opportunities.jnz,2,unclear,links=4 inline=0 roles=10 paging=n iframes=0 text=2852
1090,University of Central Oklahoma,https://www.uco.edu/offices/people-culture/hr/,2,unclear,links=1 inline=1 roles=1 paging=n iframes=0 text=4130
1093,Cameron University,https://jobs.silkroad.com/Cameron/Careers/jobs/1802,2,unclear,links=4 inline=0 roles=15 paging=n iframes=0 text=5460
1095,Bacone College,https://www.bacone.edu/job-openings/,0,blocked,page could not be fetched
1103,University of Tulsa,https://utulsa-ibvjjb.fa.ocs.oraclecloud.com/hcmUI/CandidateExperience/en/sites/CX_1,0,looks-ok-now,links=8 inline=0 roles=0 paging=n iframes=0 text=744
1104,Southwestern Oklahoma State University,https://swosu.csod.com/ux/ats/careersite/4/home?c=swosu,3,unclear,links=5 inline=0 roles=3 paging=n iframes=0 text=1340
1105,Southern Oregon University,https://hrs.sou.edu/working-at-sou/search-jobs/,3,unclear,links=5 inline=0 roles=0 paging=n iframes=0 text=1840
1113,Linfield University,https://www.linfield.edu/humanresources/employment.html,2,iframe-listing,links=1 inline=0 roles=0 paging=n iframes=1 text=4464
1115,George Fox University,https://www.georgefox.edu/offices/hr/careers/index.html,3,looks-ok-now,links=8 inline=0 roles=5 paging=n iframes=0 text=7759
1119,Reed College,https://reed-college.breezy.hr/,1,unclear,links=6 inline=0 roles=0 paging=n iframes=0 text=2858
1121,Warner Pacific University,https://warnerpacific.catsone.com/careers/1611/jobs/16840743-Vice-President-for-Enrollment-Management-and-Marketing,2,unclear,links=3 inline=0 roles=0 paging=n iframes=0 text=13599
1122,Corban University,https://www.corban.edu/human-resources/,2,unclear,links=1 inline=0 roles=0 paging=n iframes=0 text=3913
1125,Cedar Crest College,https://www.paycomonline.net/v4/ats/web.php/portal/62D4FBF25A09F3EBE58345A7B7B899F9/career-page,0,blocked,links=10 inline=0 roles=4 paging=n iframes=0 text=5444 wall/challenge
1133,University of Pittsburgh-Bradford,https://cfopitt.taleo.net/careersection/pitt_staff_external/jobdetail.ftl?job=26003465&tz=GMT-04%3A00&tzname=America%2FNew_York,0,unclear,links=7 inline=0 roles=0 paging=n iframes=1 text=1251
1138,Wilson College,https://www.paycomonline.net/v4/ats/web.php/jobs?clientkey=04C041120ED4B4CA39C09ACAC69625CF,0,blocked,links=10 inline=0 roles=5 paging=n iframes=0 text=5254 wall/challenge
1145,Pennsylvania State University-Penn State Wilkes-Barre,https://psu.wd1.myworkdayjobs.com/PSU_Academic?locations=ac1efd63d81001c8b2334232c701021c,2,unclear,links=3 inline=0 roles=1 paging=n iframes=0 text=1764
1146,Delaware Valley University,https://delval.edu/careers-delval,2,unclear,links=2 inline=0 roles=1 paging=n iframes=0 text=3966
1152,Mercyhurst University,https://www.mercyhurst.edu/human-resources/jobs,1,inline-listing,links=2 inline=6 roles=35 paging=n iframes=0 text=33654
1155,Arcadia University,https://www.arcadia.edu/about-arcadia/offices-facilities-services/human-resources,2,unclear,links=4 inline=0 roles=0 paging=n iframes=0 text=17787
1156,Seton Hill University,https://www.setonhill.edu/success-after-seton-hill/your-career-team.html,1,unclear,links=2 inline=0 roles=0 paging=n iframes=0 text=3055
1158,Thiel College,https://www.thiel.edu/offices/human-resources/employment-opportunities,3,unclear,links=1 inline=0 roles=5 paging=n iframes=0 text=3138
1161,Haverford College,https://www.myworkday.com/haverford,0,no-listing-found,links=0 inline=0 roles=0 paging=n iframes=0 text=311
1170,Cairn University-Langhorne,https://cairn.edu/hr/jobs/,3,inline-listing,links=3 inline=10 roles=10 paging=n iframes=0 text=6607
1171,Saint Vincent College,https://www.stvincent.edu/resources/careers.html,1,unclear,links=1 inline=0 roles=0 paging=n iframes=0 text=2282
1172,Pennsylvania State University-Penn State Fayette- Eberly,https://psu.wd1.myworkdayjobs.com/PSU_Academic?locations=cbe735ea2e6d019fa0b439b4c5015712,2,inline-listing,links=3 inline=3 roles=5 paging=n iframes=0 text=1813
1175,Saint Francis University,https://www.francis.edu/about-us/employment,1,inline-listing,links=1 inline=0 roles=13 paging=n iframes=0 text=31262
1176,Pennsylvania State University-Penn State Greater Allegheny,https://psu.wd1.myworkdayjobs.com/PSU_Academic?locations=e0040d8047ed01e51b54ca63c5016914,1,unclear,links=2 inline=1 roles=3 paging=n iframes=0 text=1720
1177,Allegheny College,https://alleghenycollege-ibwwjb.fa.ocs.oraclecloud.com/hcmUI/CandidateExperience/en/sites/CX_1,0,unclear,links=6 inline=0 roles=0 paging=n iframes=0 text=737
1179,Pennsylvania State University-Penn State Brandywine,https://psu.wd1.myworkdayjobs.com/PSU_Academic?locations=52f02272e496014b250d54acc501b917,3,unclear,links=3 inline=2 roles=3 paging=n iframes=0 text=1790
1183,Pennsylvania State University-Penn State Mont Alto,https://psu.wd1.myworkdayjobs.com/PSU_Academic?locations=b0858b72065c01f8a82a5102c5011c13,3,unclear,links=4 inline=4 roles=7 paging=n iframes=0 text=1932
1186,Westminster College,https://my.westminster.edu/ics/Campus_Life/Campus_Groups/Human_Resources__Employment/Overview.jnz,0,no-listing-found,links=0 inline=0 roles=0 paging=n iframes=0 text=2854
1191,Peirce College,https://www3.peirce.edu/about-peirce/additional-resources/careers-at-peirce,0,blocked,page could not be fetched
1195,University of Valley Forge,https://valleyforge.edu/careers-at-uvf/adjunct-instructor-in-person-masters-of-business-administration/,2,unclear,links=2 inline=0 roles=4 paging=n iframes=0 text=13235
1196,Carlow University,https://forms.office.com/r/pLvbzux3Wv,0,no-listing-found,links=0 inline=0 roles=0 paging=n iframes=0 text=1160
1201,Point Park University,https://www.pointpark.edu/careerready/index,3,unclear,links=6 inline=0 roles=0 paging=n iframes=0 text=2164
1202,University of Pittsburgh-Pittsburgh Campus,https://cfopitt.taleo.net/careersection/pitt_internal/jobsearch.ftl?lang=en&portal=10100023232,0,no-listing-found,links=0 inline=0 roles=0 paging=n iframes=0 text=780
1207,Rosemont College,https://workforcenow.adp.com/mascsr/default/mdf/recruitment/recruitment.html?cid=73e335b6-c8b9-44c9-bb2d-c83d54941069&ccId=9200074416396_2&lang=en_US&selectedMenuKey=CurrentOpenings,0,no-listing-found,links=0 inline=0 roles=0 paging=n iframes=0 text=2877
1209,Pennsylvania State University-Penn State Schuylkill,https://psu.wd1.myworkdayjobs.com/PSU_Academic?locations=b0858b72065c016f25d63c02c5011713,2,inline-listing,links=3 inline=4 roles=4 paging=n iframes=0 text=1779
1210,Marywood University,https://www.marywood.edu/depts/human-resources/employment-opportunities/,2,unclear,links=4 inline=2 roles=3 paging=n iframes=0 text=24654
1223,West Chester University of Pennsylvania,https://www.wcupa.edu/hr/,3,unclear,links=2 inline=0 roles=0 paging=n iframes=0 text=2641
1224,King's College,https://www.kings.edu/human-resources/careers.html,3,inline-listing,links=2 inline=6 roles=19 paging=n iframes=0 text=38377
1229,Inter American University of Puerto Rico-Aguadilla,https://iaupr.elluciancrmrecruit.com/Apply/,0,no-listing-found,links=0 inline=0 roles=0 paging=y iframes=0 text=2216
1231,Inter American University of Puerto Rico-Arecibo,https://iaupr.elluciancrmrecruit.com/Apply/Account/Create,0,no-listing-found,links=0 inline=0 roles=0 paging=y iframes=0 text=48368
1233,University of Puerto Rico-Arecibo,https://upra.edu/recursos-humanos/convocatorias/,0,no-listing-found,links=0 inline=0 roles=0 paging=n iframes=0 text=9344
1234,Inter American University of Puerto Rico-Barranquitas,https://iaupr.elluciancrmrecruit.com/Apply,0,no-listing-found,links=0 inline=0 roles=0 paging=y iframes=0 text=2216
1235,American University of Puerto Rico,https://aupr.edu/empleo-remunerado/,0,blocked,page could not be fetched
1237,Inter American University of Puerto Rico-Bayamon,https://www.inter.edu/en/department/bayamon/,1,unclear,links=1 inline=0 roles=1 paging=n iframes=0 text=5173
1238,University of Puerto Rico-Bayamon,https://www.upr.edu/ac/oficinas-adscritas/recursos-humanos/oficina-de-recursos-humanos-convocatorias/,1,blocked,page could not be fetched
1239,Universidad Central de Bayamon,https://ucb.edu.pr/oficina-de-recursos-humanos/,2,unclear,links=2 inline=0 roles=0 paging=n iframes=0 text=5798
1241,Universidad Ana G. Mendez-Carolina Campus,https://jobs.uagm.edu/Home?lang=es,1,unclear,links=5 inline=0 roles=0 paging=n iframes=0 text=2695
1242,University of Puerto Rico-Carolina,https://carolina-upr-csm.symplicity.com/,1,unclear,links=1 inline=0 roles=0 paging=n iframes=0 text=273
1243,University of Puerto Rico at Cayey,https://www.cayey.upr.edu/oficina-de-recursos-humanos/,2,blocked,page could not be fetched
1245,Inter American University of Puerto Rico-Guayama,https://iaupr.elluciancrmrecruit.com/Apply,0,no-listing-found,links=0 inline=0 roles=0 paging=y iframes=0 text=2216
1247,Universidad Ana G. Mendez-Gurabo Campus,https://jobs.uagm.edu/Home?lang=es,1,unclear,links=5 inline=0 roles=0 paging=n iframes=0 text=2695
1249,University of Puerto Rico-Humacao,https://www.uprh.edu/empleos/,1,blocked,page could not be fetched
1250,American University of Puerto Rico,https://aupr.edu/empleo-remunerado/,0,blocked,page could not be fetched
1253,University of Puerto Rico-Mayaguez,https://www.eventbrite.com/e/38th-job-fair-tickets-1992770470120,0,wrong-url,links=0 inline=0 roles=0 paging=n iframes=0 text=3808
1254,Inter American University of Puerto Rico-Ponce,https://ponce.inter.edu/recursos-humanos-2/,2,unclear,links=3 inline=0 roles=0 paging=n iframes=0 text=5809
1258,Inter American University of Puerto Rico-San German,https://iaupr.elluciancrmrecruit.com/Apply,0,no-listing-found,links=0 inline=0 roles=0 paging=y iframes=0 text=2216
1260,Inter American University of Puerto Rico-Metro,https://iaupr.elluciancrmrecruit.com/Apply/Account/Create?returnUrl=%2FApply,0,no-listing-found,links=0 inline=0 roles=0 paging=y iframes=0 text=48368
1261,Universidad Ana G. Mendez-Cupey Campus,https://jobs.uagm.edu/Home?lang=es,1,unclear,links=5 inline=0 roles=0 paging=n iframes=0 text=2695
1279,College of Charleston,https://charleston.edu/academic-affairs/faculty-careers.php,3,unclear,links=3 inline=0 roles=2 paging=n iframes=0 text=7087
1298,Newberry College,https://www.newberry.edu/employment,2,inline-listing,links=2 inline=2 roles=41 paging=n iframes=0 text=42894
1307,Northern State University,https://northern.edu/about/departments/human-resources,1,unclear,links=2 inline=0 roles=0 paging=n iframes=0 text=2607
1310,South Dakota State University,https://www.sdstate.edu/human-resources/sdsu-employment,2,unclear,links=6 inline=1 roles=1 paging=n iframes=0 text=4989
1311,Dakota State University,https://dsu.edu/careers/benefits.html,1,unclear,links=3 inline=0 roles=0 paging=n iframes=0 text=4001
1312,Dakota Wesleyan University,https://www.dwu.edu/employment,3,unclear,links=2 inline=0 roles=1 paging=n iframes=0 text=5634
1321,Tennessee Wesleyan University,https://www.tnwesleyan.edu/about/departments/human-resources/,3,inline-listing,links=2 inline=1 roles=9 paging=n iframes=0 text=11006
1323,The University of Tennessee-Chattanooga,https://fa-ewlq-saasfaprod1.fa.ocs.oraclecloud.com/fscmUI/faces/deeplink?objType=IRC_RECRUITING&action=ICE_JOB_SEARCH_RESP,0,no-listing-found,links=0 inline=0 roles=0 paging=n iframes=0 text=1594
1324,Austin Peay State University,https://www.apsu.edu/human-resources/govs-suite.php,3,unclear,links=1 inline=0 roles=0 paging=n iframes=0 text=977
1327,Tennessee Technological University,https://jobs.tntech.edu/,1,unclear,links=3 inline=0 roles=0 paging=n iframes=0 text=744
1332,Lincoln Memorial University,https://www.peopleadmin.com/,0,unclear,links=3 inline=0 roles=0 paging=n iframes=0 text=5090
1337,East Tennessee State University,https://fa-evyu-saasfaprod1.fa.ocs.oraclecloud.com/hcmUI/CandidateExperience/en/sites/CX_1/,0,looks-ok-now,links=8 inline=0 roles=0 paging=n iframes=0 text=1106
1341,The University of Tennessee-Martin,https://www.utm.edu/offices-and-services/human-resources/employment-opportunities.php,1,unclear,links=1 inline=0 roles=4 paging=n iframes=0 text=4226
1342,Maryville College,https://www.maryvillecollege.edu/about/inside/human-resources/careers/,2,unclear,links=4 inline=1 roles=2 paging=n iframes=0 text=9334
1356,Vanderbilt University,https://www.vanderbilt.edu/work-at-vanderbilt/,3,unclear,links=4 inline=0 roles=0 paging=n iframes=0 text=4266
1361,McMurry University,https://oncampusdining.com/mcm/job-opportunities/,1,unclear,links=1 inline=0 roles=0 paging=y iframes=0 text=1307
1382,Texas Woman's University,https://twu.edu/humanresources/careers-at-twu/jobs/,0,no-listing-found,links=0 inline=0 roles=0 paging=n iframes=0 text=46
1385,The University of Texas at El Paso,https://utep.interviewexchange.com/static/clients/533UTM1/index.jsp,1,unclear,links=1 inline=0 roles=0 paging=n iframes=0 text=3289
1387,Texas Christian University,https://jobs.tcu.edu,1,unclear,links=4 inline=0 roles=1 paging=n iframes=0 text=3259
1394,Rice University,https://vpaa.rice.edu/faculty/open-positions,3,unclear,links=4 inline=0 roles=0 paging=n iframes=0 text=1172
1405,Schreiner University,https://schreiner.edu/careers/,0,looks-ok-now,links=12 inline=1 roles=1 paging=n iframes=0 text=6352
1415,The University of Texas Permian Basin,https://zahr-prd-candidate-ada.utshare.utsystem.edu/psc/ZAHRPRDADA/EMPLOYEE/UTZ_CG/c/HRS_HRAM_FL.HRS_CG_SEARCH_FL.GBL?Page=HRS_APP_SCHJOB&Action=U&FOCUS=Applicant&SiteId=10,0,no-listing-found,links=0 inline=0 roles=0 paging=n iframes=0 text=928
1422,Hallmark University,https://careers.hallmarkuniversity.edu/jobs/instructional-designer/,1,unclear,links=1 inline=0 roles=0 paging=n iframes=0 text=238
1431,Texas Lutheran University,https://www.tlu.edu/about-tlu/careers-at-tlu/faculty-positions/,3,unclear,links=7 inline=6 roles=20 paging=n iframes=0 text=15552
1456,Randolph-Macon College,https://www.rmc.edu/about-rmc/offices-departments/human-resources/employment-opportunities/,0,unclear,links=4 inline=0 roles=0 paging=n iframes=0 text=2002
1457,Virginia Polytechnic Institute and State University,https://careers.pageuppeople.com/968/ci/en-us/listing,0,no-listing-found,links=0 inline=0 roles=0 paging=n iframes=0 text=321
1460,Southern Virginia University,https://svu.edu/about/careers/open-rank-professor-of-biology/,1,unclear,links=3 inline=1 roles=4 paging=n iframes=0 text=4926
1463,Emory & Henry University,https://www.paycomonline.net/v4/ats/web.php/jobs?clientkey=4271964D5A23CB0A237D41AAC40830FA&fromClientSide=true,0,blocked,links=10 inline=0 roles=11 paging=n iframes=0 text=5822 wall/challenge
1464,George Mason University,https://jobs.gmu.edu,2,unclear,links=7 inline=0 roles=0 paging=n iframes=0 text=3664
1473,James Madison University,https://jobs.jmu.edu/,1,iframe-listing,links=1 inline=0 roles=0 paging=y iframes=1 text=3605
1477,Randolph College,https://www.randolphcollege.edu/humanresources/job-openings/,3,iframe-listing,links=2 inline=0 roles=0 paging=n iframes=3 text=1838
1478,University of Lynchburg,https://www.lynchburg.edu/about/human-resources/jobs/,2,unclear,links=4 inline=0 roles=0 paging=n iframes=0 text=4945
1487,Hollins University,https://www.hollins.edu/about-hollins/jobs/faculty-positions/,3,unclear,links=4 inline=7 roles=27 paging=n iframes=0 text=33402
1490,Sweet Briar College,https://www.sbc.edu/human-resources/employment-opportunities/,2,unclear,links=4 inline=0 roles=0 paging=n iframes=0 text=3033
1496,William & Mary,https://wm-csm.symplicity.com/employers/,1,unclear,links=1 inline=0 roles=0 paging=n iframes=0 text=852
1498,University of Virginia's College at Wise,https://apply.interfolio.com/50272/positions,1,unclear,links=1 inline=0 roles=0 paging=y iframes=0 text=6953
1500,Bennington College,https://www.bennington.edu/employment-opportunities,2,unclear,links=1 inline=0 roles=0 paging=n iframes=0 text=7825
1502,University of Vermont,https://www.uvm.edu/human-resources/careers,2,unclear,links=2 inline=0 roles=0 paging=n iframes=0 text=5558
1504,Saint Michael's College,https://www.smcvt.edu/offices-and-services/human-resources/,2,unclear,links=1 inline=0 roles=0 paging=n iframes=0 text=5301
1510,Eastern Washington University,https://jobs.hr.ewu.edu/postings/search?utf8=%E2%9C%93&query=Adjunct&query_v0_posted_at_date=&query_position_type_id%5B%5D=any&commit=Search,1,looks-ok-now,links=14 inline=2 roles=9 paging=n iframes=0 text=6221
1511,Walla Walla University,https://wallawalla-accommodate.symplicity.com/,1,no-listing-found,links=0 inline=0 roles=0 paging=n iframes=0 text=147
1512,Central Washington University,https://cwuhrprdcg.peoplesoft.cwu.edu/psc/careers/EMPLOYEE/CAREERS/c/HRS_HRAM_FL.HRS_CG_SEARCH_FL.GBL?FOCUS=Applicant&&siteid=1,0,inline-listing,links=0 inline=2 roles=49 paging=y iframes=0 text=11169
1515,Washington State University,https://wd5.myworkday.com/wsu/d/task/1422$478.htmld,0,no-listing-found,links=0 inline=0 roles=0 paging=n iframes=0 text=504
1525,University of Puget Sound,https://www2.pugetsound.jobs/psc/HR92PRD/EMPLOYEE/HRMS/c/HRS_HRAM_FL.HRS_CG_SEARCH_FL.GBL?Page=HRS_APP_SCHJOB_FL&Action=U&FOCUS=Applicant&siteid=3,0,inline-listing,links=0 inline=2 roles=6 paging=n iframes=0 text=2369
1528,Whitman College,https://whitman-advocate.symplicity.com/public_report/index.php,0,blocked,page could not be fetched
1531,Beloit College,https://www.beloit.edu/offices/human-resources/,2,unclear,links=2 inline=0 roles=0 paging=n iframes=0 text=1161
1533,Ottawa University-Milwaukee,https://www.paycomonline.net/v4/ats/web.php/jobs?clientkey=AB201C499D53A5D603D5BE296513B383,0,blocked,links=10 inline=0 roles=40 paging=n iframes=0 text=5816 wall/challenge
1536,Marian University,https://www.marianuniversity.edu/about-marian/employment/,0,blocked,page could not be fetched
1543,Edgewood College,https://www.edgewood.edu/employment/human-resources-generalist/,1,unclear,links=1 inline=0 roles=0 paging=n iframes=0 text=2556
1549,Marquette University,http://www.marquette.edu/hr/,1,unclear,links=3 inline=1 roles=1 paging=n iframes=0 text=4129
1551,Mount Mary University,https://mtmary.edu/about/employment.html,1,unclear,links=1 inline=0 roles=0 paging=n iframes=0 text=3966
1560,University of Wisconsin-Superior,https://wisconsin.wd1.myworkdayjobs.com/en-US/UW_Comprehensives?primaryLocation=5adf054562b610142604546cce0f0000,2,unclear,links=2 inline=1 roles=2 paging=n iframes=0 text=1519
1562,Carroll University,https://secure4.saashr.com/ta/6153588.careers?CareersSearch,1,inline-listing,links=1 inline=3 roles=14 paging=n iframes=0 text=7492
1566,Bethany College,https://www.bethanywv.edu/about/employment/,0,blocked,links=0 inline=0 roles=0 paging=n iframes=0 text=105 wall/challenge
1570,University of Charleston,https://ucwv.elluciancrmrecruit.com/Apply/Account/Create?f=586ce4f3-d79d-4f52-9540-5138661f6dcd&o=538fedc1-2f8d-4f30-89b1-d13415d0429c&IsInquiry=True,0,no-listing-found,links=0 inline=0 roles=0 paging=y iframes=0 text=6851
1571,Davis & Elkins College,https://www.dewv.edu/explore/employment/,3,unclear,links=2 inline=0 roles=0 paging=n iframes=0 text=11474
1577,Alderson Broaddus University,https://ab.edu/employment/,0,blocked,page could not be fetched
1581,West Liberty University,https://westliberty.edu/human-resources/search/,2,unclear,links=1 inline=0 roles=0 paging=n iframes=0 text=1835
1582,Wheeling University,https://wheeling.edu/about/employment/,3,unclear,links=3 inline=0 roles=0 paging=n iframes=0 text=3092
1583,University of Wyoming,https://eeik.fa.us2.oraclecloud.com/hcmUI/CandidateExperience/en/sites/CX_1,0,unclear,links=6 inline=0 roles=0 paging=n iframes=0 text=940
