school_id,name,country,url,reason
1591,Simon Fraser University,Canada,https://www.sfu.ca/vpacademic/academic-careers/current-canada-research-chair-opportunities/tier-2-canada-research-chair-in-translation-and-creative-writing.html,dead 404
1591,Simon Fraser University,Canada,https://www.sfu.ca/vpacademic/academic-careers/current-canada-research-chair-opportunities/full-professor-tier-1-canada-research-chair--crc--crime-and-ineq.html,dead 404
1591,Simon Fraser University,Canada,https://www.sfu.ca/vpacademic/academic-careers/current-canada-research-chair-opportunities/canada-research-chair---indigenous-health-and-well-being.html,dead 404
1591,Simon Fraser University,Canada,https://www.sfu.ca/vpacademic/academic-careers/current-canada-research-chair-opportunities/canada-excellence-research-chairs--cerc--2026-competition.html,dead 404
1599,Brandon University,Canada,https://www.brandonu.ca/jobs/job/sa-iv-art-gallery-and-studio-assistant-iwgi-visual-art-faculty-of-arts/,dead 404
1599,Brandon University,Canada,https://www.brandonu.ca/jobs/job/sa-ii-level-ii-marker-faculty-of-arts-2/,dead 404
1599,Brandon University,Canada,https://www.brandonu.ca/jobs/job/sa-iv-level-iv-marker-faculty-of-arts-2/,dead 404
1599,Brandon University,Canada,https://www.brandonu.ca/jobs/job/sa-iii-level-iii-marker-faculty-of-arts-2/,dead 404
1599,Brandon University,Canada,https://www.brandonu.ca/jobs/job/social-media-assistant/,dead 404
1599,Brandon University,Canada,https://www.brandonu.ca/jobs/job/athletics-and-recreation-assistant/,dead 404
1599,Brandon University,Canada,https://www.brandonu.ca/jobs/job/bailey-the-bobcat-mascot-2/,dead 404
1599,Brandon University,Canada,https://www.brandonu.ca/jobs/job/student-assistant-iv-department-of-biology-2/,dead 404
1599,Brandon University,Canada,https://www.brandonu.ca/jobs/job/student-assistant-ii-department-of-biology-5/,dead 404
1599,Brandon University,Canada,https://www.brandonu.ca/jobs/job/student-assistant-ii-department-of-geography-environment-3/,dead 404
1599,Brandon University,Canada,https://www.brandonu.ca/jobs/job/student-assistant-ii-department-of-geography-environment-2/,dead 404
1599,Brandon University,Canada,https://www.brandonu.ca/jobs/job/student-assistant-iv-school-of-music-3/,dead 404
1599,Brandon University,Canada,https://www.brandonu.ca/jobs/job/student-assistant-ii-department-of-physics-astronomy-21/,dead 404
1599,Brandon University,Canada,https://www.brandonu.ca/jobs/job/student-assistant-ii-department-of-physics-astronomy-3/,dead 404
1602,University of Winnipeg,Canada,https://plus.avanti.ca/job-board/5da7a070-4efb-4f6e-b846-5d1e55cc2abe/abc8cefc-8900-4f89-a11a-169e8102b2be/view?LOCALE=en-CA&SEARCH=UWFA-RAS,section page (/view)
1617,Acadia University,Canada,https://hr.acadiau.ca/employment/career-opportunities/employment/career-opportunities/faculty-per-course.html#main,dead 404
1617,Acadia University,Canada,https://hr.acadiau.ca/employment/career-opportunities/employment/career-opportunities/faculty-per-course.html#skipNavigation672,dead 404
1617,Acadia University,Canada,https://hr.acadiau.ca/employment/career-opportunities/employment/career-opportunities/faculty-per-course.html#skipNavigation683,dead 404
1620,Queen's University,Canada,https://smith.queensu.ca/faculty_and_research/faculty-recruitment/Quinn-Professor-in-Sustainability.php,dead 404
1620,Queen's University,Canada,https://smithengineering.queensu.ca/about/employment-opportunities/Smith-Chair-Engineering-for-Humanity.pdf,dead 404
1620,Queen's University,Canada,https://www.facebook.com/SchoolOfKinesiologyAndHealthStudies,dead 400
1620,Queen's University,Canada,https://employment.cs.queensu.ca/2025/08/21/faculty-position-in-computational-intelligence/,dead 404
1620,Queen's University,Canada,https://www.queensu.ca/geographyandplanning/about-us/position-postings,dead 404
1620,Queen's University,Canada,https://assets.library.queensu.ca/2023-08-16-00122098-Teaching-Outreach-Archivist_Librarian-Posting-1.pdf,dead 404
1620,Queen's University,Canada,https://www.queensu.ca/vpr/sites/vprwww/files/uploaded_files/CERC/Queens2026CERC_Job_Ad-Astroparticle_Physics.pdf,dead 404
1620,Queen's University,Canada,https://www.queensu.ca/vpr/sites/vprwww/files/uploaded_files/CERC/Queens2026CERC_Job_Ad-Precision_Materials_Chemistry.pdf,dead 404
1620,Queen's University,Canada,https://www.queensu.ca/ensc/sites/enscwww/files/uploaded_files/Job%20ads/2025%20CRC_Job_Advertisement_Paleolimnology_Tier1.pdf,dead 404
1620,Queen's University,Canada,https://www.queensu.ca/vpr/sites/vprwww/files/uploaded_files/CERC/Queens2026CERC_Job_Ad-Artificial_Intelligence_and_Exascale_Computing.pdf,dead 404
1620,Queen's University,Canada,https://smithengineering.queensu.ca/mme/_files/postings/MME_TT_Nuclear-SupportCERC-Jan-2025.pdf,dead 404
1620,Queen's University,Canada,https://www.facebook.com/queensuniversity,dead 400
1622,Nipissing University,Canada,https://www.nipissingu.ca/careers/employment-postings/course-instructor-academic-writing-fall-2026,dead 404
1622,Nipissing University,Canada,https://www.nipissingu.ca/careers/employment-postings/course-instructor-biology-fallwinter-20262027,dead 404
1622,Nipissing University,Canada,https://www.nipissingu.ca/careers/employment-postings/course-instructor-computer-science-fallwinter-20262027,dead 404
1636,Wilfrid Laurier University,Canada,https://twitter.com/lauriercareers,dead 404
1636,Wilfrid Laurier University,Canada,https://www.facebook.com/LaurierCareers/,dead 400
1640,Concordia University,Canada,https://www.concordia.ca/artsci/about/jobs.html,section page (/jobs)
1640,Concordia University,Canada,https://www.concordia.ca/finearts/about/jobs.html,section page (/jobs)
1640,Concordia University,Canada,https://www.concordia.ca/ginacody/about/jobs.html,section page (/jobs)
1640,Concordia University,Canada,https://www.concordia.ca/jmsb/about/jobs.html,section page (/jobs)
1640,Concordia University,Canada,https://www.concordia.ca/students/financial/employment.html#off-campus,section page (/employment)
1650,Université du Québec en Abitibi-Témiscamingue,Canada,https://www.uqat.ca/resources/pdf/emplois-enseignement/2026-28.pdf,dead 404
1650,Université du Québec en Abitibi-Témiscamingue,Canada,https://www.uqat.ca/resources/pdf/emplois-enseignement/2026-80.pdf,dead 404
1650,Université du Québec en Abitibi-Témiscamingue,Canada,https://www.uqat.ca/resources/pdf/emplois-enseignement/2026-31-2.pdf,dead 404
1650,Université du Québec en Abitibi-Témiscamingue,Canada,https://www.uqat.ca/resources/pdf/emplois-enseignement/2026-68.pdf,dead 404
1650,Université du Québec en Abitibi-Témiscamingue,Canada,https://www.uqat.ca/resources/pdf/emplois-enseignement/2026-67.pdf,dead 404
1658,TU Wien,Austria,https://jobs.tuwien.ac.at/jobs?jobProfiles=Associate%20Professor_in|Laufbahnstelle|Professuren|Rektor_in,section page (/jobs)
1659,University of Vienna,Austria,https://personalwesen.univie.ac.at/fileadmin/user_upload/d_personalwesen/Jobs_Recruiting/Dokumente/CHEM_TT_Analytische_Chemie_EN_TT0623Chem01_.pdf,dead 404
1659,University of Vienna,Austria,https://personalwesen.univie.ac.at/fileadmin/user_upload/d_personalwesen/Jobs_Recruiting/Dokumente/UNIVIE_OEAW_TT_Kaukasusforschung_EN_20230630.pdf,dead 404
1659,University of Vienna,Austria,https://personalwesen.univie.ac.at/fileadmin/user_upload/d_personalwesen/Jobs_Recruiting/Dokumente/EVAN_TT_Kirchengeschichte__Reformations-_und_Protestantismusgeschichte__EN_TT0623Evang01_.pdf,dead 404
1659,University of Vienna,Austria,https://personalwesen.univie.ac.at/fileadmin/user_upload/d_personalwesen/Jobs_Recruiting/Dokumente/ZMU_TT_Complex_Systems_Science_in_Microbiome_Research_EN_TT0623ZMU01_.pdf,dead 404
1659,University of Vienna,Austria,https://personalwesen.univie.ac.at/fileadmin/user_upload/d_personalwesen/Jobs_Recruiting/Dokumente/SOWI_TT_Oekonomische_Anthropologie_EN_TT0623Sowi01_.pdf,dead 404
1659,University of Vienna,Austria,https://personalwesen.univie.ac.at/fileadmin/user_upload/d_personalwesen/Jobs_Recruiting/Dokumente/WIWI_TT_Foundations_of_Machine_Learning_in_Finance_EN_TT0623Wiwi01_.pdf,dead 404
1659,University of Vienna,Austria,https://personalwesen.univie.ac.at/fileadmin/user_upload/d_personalwesen/Jobs_Recruiting/Dokumente/LEWI_TT_Gene-Culture_Coevolution_EN_TT0623Lewi01_.pdf,dead 404
1659,University of Vienna,Austria,https://personalwesen.univie.ac.at/fileadmin/user_upload/d_personalwesen/Jobs_Recruiting/Dokumente/PHILKU_TT_Islamische_Theologie_EN_TT0623PhilKult01_.pdf,dead 404
1659,University of Vienna,Austria,https://personalwesen.univie.ac.at/fileadmin/user_upload/d_personalwesen/Jobs_Recruiting/Dokumente/PHILKU_TT_Italienische_Literatur-__Kultur-__Medienwissenschaft_EN_TT0623PhilKult02_.pdf,dead 404
1659,University of Vienna,Austria,https://personalwesen.univie.ac.at/fileadmin/user_upload/d_personalwesen/Jobs_Recruiting/Dokumente/PHILKU_TT_Politik_Japans_EN_TT0623PhilKult03_.pdf,dead 404
1659,University of Vienna,Austria,https://personalwesen.univie.ac.at/fileadmin/user_upload/d_personalwesen/Jobs_Recruiting/Dokumente/SOWI_TT_Legal_Anthropology_EN_TT0623Sowi02_.pdf,dead 404
1659,University of Vienna,Austria,https://personalwesen.univie.ac.at/fileadmin/user_upload/d_personalwesen/Jobs_Recruiting/Dokumente/LEWI_TT_Moderne_Methoden_in_der_Arzneistoffsynthese_EN_TT0623Lewi02_.pdf,dead 404
1659,University of Vienna,Austria,https://personalwesen.univie.ac.at/fileadmin/user_upload/d_personalwesen/Jobs_Recruiting/Dokumente/LEWI_TT_Molecular_Disease_Mechanisms_EN_TT0623Lewi03_.pdf,dead 404
1659,University of Vienna,Austria,https://personalwesen.univie.ac.at/fileadmin/user_upload/d_personalwesen/Jobs_Recruiting/Dokumente/HISTKU_TT_Nationalsozialismus_und_Holocaust_in_OEsterreich_und_Europa_EN_TT0623HistKult01_.pdf,dead 404
1659,University of Vienna,Austria,https://personalwesen.univie.ac.at/fileadmin/user_upload/d_personalwesen/Jobs_Recruiting/Dokumente/CHEM_TT_Nukleinsaeurechemie_EN_TT0623Chem02_.pdf,dead 404
1659,University of Vienna,Austria,https://personalwesen.univie.ac.at/fileadmin/user_upload/d_personalwesen/Jobs_Recruiting/Dokumente/CHEM_TT_Organische_Chemie_EN_TT0623Chem03_.pdf,dead 404
1659,University of Vienna,Austria,https://personalwesen.univie.ac.at/fileadmin/user_upload/d_personalwesen/Jobs_Recruiting/Dokumente/WIWI_TT_Markt-_und_Organisationssoziologie_EN_TT0623Wiwi02_.pdf,dead 404
1683,Université PSL,France,https://recrutement.psl.eu/wa1ciablmr,dead 404
1683,Université PSL,France,https://recrutement.psl.eu/ona8yt59tc,dead 404
1683,Université PSL,France,https://recrutement.psl.eu/04c4pyfyyu,dead 500
1683,Université PSL,France,https://recrutement.psl.eu/aeh7rsaqrt,dead 500
1683,Université PSL,France,https://recrutement.psl.eu/3wrfq4tbto,dead 404
1683,Université PSL,France,https://recrutement.psl.eu/p3bvrqk65y,dead 500
1683,Université PSL,France,https://recrutement.psl.eu/g039xvwhyf,dead 500
1691,University of Mannheim,Germany,https://www.uni-mannheim.de/media/Universitaet/Dokumente/Ausschreibungen_Stellenanzeigen/Stellenausschreibung_Lehrtherapeutin_2026_September_Oktober.pdf,dead 404
1696,National and Kapodistrian University of Athens,Greece,https://apella.minedu.gov.gr/node/7227,dead 404
1696,National and Kapodistrian University of Athens,Greece,https://apella.minedu.gov.gr/node/7226,dead 404
1696,National and Kapodistrian University of Athens,Greece,https://apella.minedu.gov.gr/node/7223,dead 404
1697,Aristotle University of Thessaloniki,Greece,https://apella.minedu.gov.gr/node/7330,dead 404
1697,Aristotle University of Thessaloniki,Greece,https://apella.minedu.gov.gr/node/7329,dead 404
1697,Aristotle University of Thessaloniki,Greece,https://apella.minedu.gov.gr/node/7326,dead 404
1697,Aristotle University of Thessaloniki,Greece,https://apella.minedu.gov.gr/node/7325,dead 404
1697,Aristotle University of Thessaloniki,Greece,https://apella.minedu.gov.gr/node/7322,dead 404
1697,Aristotle University of Thessaloniki,Greece,https://apella.minedu.gov.gr/node/7321,dead 404
1697,Aristotle University of Thessaloniki,Greece,https://apella.minedu.gov.gr/node/7319,dead 404
1697,Aristotle University of Thessaloniki,Greece,https://apella.minedu.gov.gr/node/7318,dead 404
1697,Aristotle University of Thessaloniki,Greece,https://apella.minedu.gov.gr/node/7317,dead 404
1697,Aristotle University of Thessaloniki,Greece,https://apella.minedu.gov.gr/node/7316,dead 404
1697,Aristotle University of Thessaloniki,Greece,https://apella.minedu.gov.gr/node/7313,dead 404
1697,Aristotle University of Thessaloniki,Greece,https://apella.minedu.gov.gr/node/7312,dead 404
1697,Aristotle University of Thessaloniki,Greece,https://apella.minedu.gov.gr/node/7310,dead 404
1697,Aristotle University of Thessaloniki,Greece,https://apella.minedu.gov.gr/node/7309,dead 404
1697,Aristotle University of Thessaloniki,Greece,https://apella.minedu.gov.gr/node/7308,dead 404
1697,Aristotle University of Thessaloniki,Greece,https://apella.minedu.gov.gr/node/7293,dead 404
1697,Aristotle University of Thessaloniki,Greece,https://apella.minedu.gov.gr/node/7294,dead 404
1697,Aristotle University of Thessaloniki,Greece,https://apella.minedu.gov.gr/node/7292,dead 404
1697,Aristotle University of Thessaloniki,Greece,https://apella.minedu.gov.gr/node/7291,dead 404
1697,Aristotle University of Thessaloniki,Greece,https://apella.minedu.gov.gr/node/7289,dead 404
1697,Aristotle University of Thessaloniki,Greece,https://apella.minedu.gov.gr/node/7288,dead 404
1697,Aristotle University of Thessaloniki,Greece,https://apella.minedu.gov.gr/node/7282,dead 404
1697,Aristotle University of Thessaloniki,Greece,https://apella.minedu.gov.gr/node/7281,dead 404
1697,Aristotle University of Thessaloniki,Greece,https://apella.minedu.gov.gr/node/7280,dead 404
1697,Aristotle University of Thessaloniki,Greece,https://apella.minedu.gov.gr/node/7279,dead 404
1697,Aristotle University of Thessaloniki,Greece,https://apella.minedu.gov.gr/node/7278,dead 404
1697,Aristotle University of Thessaloniki,Greece,https://apella.minedu.gov.gr/node/7277,dead 404
1697,Aristotle University of Thessaloniki,Greece,https://apella.minedu.gov.gr/node/7276,dead 404
1697,Aristotle University of Thessaloniki,Greece,https://apella.minedu.gov.gr/node/7272,dead 404
1697,Aristotle University of Thessaloniki,Greece,https://apella.minedu.gov.gr/node/7273,dead 404
1708,Bocconi University,Italy,https://jobmarket.unibocconi.eu/,site root
1711,University of Padua,Italy,https://protocollo.unipd.it/albo/viewer?view=files%2F017153139-UNPD0Z9-e12376c1-0591-4139-8cfc-8472b203a6fb-000.pdf,dead 404
1711,University of Padua,Italy,https://protocollo.unipd.it/albo/viewer?view=files%2F017147881-UNPD0Z9-ba666bbc-761e-40bb-aac9-4008976d6e72-000.pdf,dead 404
1711,University of Padua,Italy,https://protocollo.unipd.it/albo/viewer?view=files%2F017131591-UNPD0Z9-b8768c93-b2e7-43d8-85c2-5ef7e7dc8631-000.pdf,dead 404
1711,University of Padua,Italy,https://protocollo.unipd.it/albo/viewer?view=files%2F017142866-UNPD0Z9-93218239-261e-4c15-8f9b-0a8355e8e7f1-000.pdf,dead 404
1711,University of Padua,Italy,https://protocollo.unipd.it/albo/viewer?view=files%2F017142815-UNPD0Z9-7ffd7e76-7d27-41d8-9b53-1dec71ec207a-000.pdf,dead 404
1711,University of Padua,Italy,https://protocollo.unipd.it/albo/viewer?view=files%2F017142738-UNPD0Z9-41ebbbd5-d7a6-4def-9e92-71202f4f8645-000.pdf,dead 404
1711,University of Padua,Italy,https://protocollo.unipd.it/albo/viewer?view=files%2F017142006-UNPD0Z9-9b7fc4ad-5816-48de-af49-cd93c3fb546c-000.pdf,dead 404
1711,University of Padua,Italy,https://protocollo.unipd.it/albo/viewer?view=files%2F017141989-UNPD0Z9-4b99b002-94be-426d-a50f-1929f3de2fee-000.pdf,dead 404
1711,University of Padua,Italy,https://protocollo.unipd.it/albo/viewer?view=files%2F017127940-UNPD0Z9-82f3eb73-37af-4659-b0ad-3a670b49c6c2-000.pdf,dead 404
1711,University of Padua,Italy,https://protocollo.unipd.it/albo/viewer?view=files%2F017127915-UNPD0Z9-ffbddc8f-0521-45f9-beda-8055f332fe5d-000.pdf,dead 404
1711,University of Padua,Italy,https://protocollo.unipd.it/albo/viewer?view=files%2F017127878-UNPD0Z9-4a969883-a52d-441f-b62e-ea13ead6d94e-000.pdf,dead 404
1711,University of Padua,Italy,https://protocollo.unipd.it/albo/viewer?view=files%2F017127856-UNPD0Z9-9c738084-9c91-4417-a3d5-f3f5aac1ab50-000.pdf,dead 404
1711,University of Padua,Italy,https://protocollo.unipd.it/albo/viewer?view=files%2F017127845-UNPD0Z9-0939ea81-5a17-4981-ada2-8ec855575dc7-000.pdf,dead 404
1711,University of Padua,Italy,https://protocollo.unipd.it/albo/viewer?view=files%2F017127809-UNPD0Z9-9f48007d-6cf6-487c-bb13-c591a2335d99-000.pdf,dead 404
1711,University of Padua,Italy,https://protocollo.unipd.it/albo/viewer?view=files%2F017127822-UNPD0Z9-2a972206-4ab3-4079-a9a7-dab4fda10001-000.pdf,dead 404
1711,University of Padua,Italy,https://protocollo.unipd.it/albo/viewer?view=files%2F017127789-UNPD0Z9-a65af9b0-ba2a-4475-b521-bce410dfacce-000.pdf,dead 404
1711,University of Padua,Italy,https://protocollo.unipd.it/albo/viewer?view=files%2F017122718-UNPD0Z9-2900b5a0-90fb-4534-80a1-c183aa669ce0-000.pdf,dead 404
1711,University of Padua,Italy,https://protocollo.unipd.it/albo/viewer?view=files%2F017089692-UNPD0Z9-c4050803-833a-437c-be07-634a7b0a80df-000.pdf,dead 404
1711,University of Padua,Italy,https://protocollo.unipd.it/albo/viewer?view=files%2F017067323-UNPD0Z9-afa07676-c901-4cc6-b93a-4d2e2981e96e-000.pdf,dead 404
1721,Erasmus University Rotterdam,Netherlands,https://www.eur.nl/en/working-at-eur/vacancies/community-engagement-coordinator-08-1-fte,dead 404
1721,Erasmus University Rotterdam,Netherlands,https://www.eur.nl/en/working-at-eur/vacancies/medewerker-tentamenorganisatie,dead 404
1723,Utrecht University,Netherlands,https://www.uu.nl/en/organisation/working-at-utrecht-university/jobs/postdoc-accelerating-the-circular-transition,dead 404
1723,Utrecht University,Netherlands,https://www.uu.nl/en/organisation/working-at-utrecht-university/jobs/academic-grant-writer-for-infection-and-immunity-research,dead 404
1723,Utrecht University,Netherlands,https://www.uu.nl/en/organisation/working-at-utrecht-university/jobs/phd-position-develop-hybrid-machine-learning-for-global-soil-mapping,dead 404
1723,Utrecht University,Netherlands,https://www.uu.nl/en/organisation/working-at-utrecht-university/jobs/phd-media-and-democracy-in-the-1970s,dead 404
1724,University of Bergen,Norway,https://www.jobbnorge.no/ledige-stillinger/stilling/307023,dead 404
1724,University of Bergen,Norway,https://www.jobbnorge.no/ledige-stillinger/stilling/307032,dead 404
1724,University of Bergen,Norway,https://www.jobbnorge.no/ledige-stillinger/stilling/305438,dead 404
1724,University of Bergen,Norway,https://www.jobbnorge.no/ledige-stillinger/stilling/306216,dead 404
1724,University of Bergen,Norway,https://www.jobbnorge.no/ledige-stillinger/stilling/305560,dead 404
1724,University of Bergen,Norway,https://www.jobbnorge.no/ledige-stillinger/stilling/305401,dead 404
1724,University of Bergen,Norway,https://www.jobbnorge.no/ledige-stillinger/stilling/305403,dead 404
1724,University of Bergen,Norway,https://www.facebook.com/jobbnorge,dead 400
1726,University of Oslo,Norway,http://www.hf.uio.no/english/about/vacancies/index.html,section page (/index)
1726,University of Oslo,Norway,http://www.mn.uio.no/english/about/vacancies/index.html,section page (/index)
1726,University of Oslo,Norway,https://www.uio.no/english/studies/summerschool/about/vacancies/index.html,section page (/index)
1726,University of Oslo,Norway,https://www.jobbnorge.no/en/available-jobs/job/304851/re-announcement-of-a-phd-research-fellowship-sko-1017-in-innovation-studies,dead 404
1726,University of Oslo,Norway,https://www.uio.no/english/about/vacancies/academic/index.html?authTarget,section page (/index)
1727,Norwegian University of Science and Technology,Norway,https://www.jobbnorge.no/ledige-stillinger/stilling/304402/stipendiat-i-allmennmedisin-teammodeller-for-muskel-og-skjeletthelse-paa-fastlegekontoret,dead 404
1727,Norwegian University of Science and Technology,Norway,https://www.jobbnorge.no/ledige-stillinger/stilling/306931/eksamensvakter-til-digital-eksamen-ved-ntnu,dead 404
1727,Norwegian University of Science and Technology,Norway,https://www.jobbnorge.no/ledige-stillinger/stilling/307175/phd-candidate-in-agentic-ai-for-intelligent-control-of-floating-multi-modular-structures,dead 404
1729,Jagiellonian University,Poland,https://bazaogloszen.nauka.gov.pl/oferta/pracownik-inz-tech-student-trainee-jr/,dead 404
1735,Universidade do Porto,Portugal,https://sigarra.up.pt/portal/en/research/open-science/open-repository/,dead 404
1735,Universidade do Porto,Portugal,https://sigarra.up.pt/portal/en/live/talent-and-careers/career-services/,dead 404
1735,Universidade do Porto,Portugal,https://sigarra.up.pt/portal/en/live/talent-and-careers/recruiting-talent/,dead 404
1741,Universitat Politècnica de Catalunya,Spain,https://web.whatsapp.com/send?text=https://www.upc.edu/en/the-upc/the-institution/jobs-at-the-upc?utm_source=whatsapp,dead 400
1744,IE University,Spain,https://careers-ieedu.icims.com/jobs/3088/associate-director%2c-marketing-%26-communications---centre-for-health-%26-well-being/job,dead 410
1744,IE University,Spain,https://careers-ieedu.icims.com/jobs/3059/accounting-associate---faculty-payments%2c-admin-%26-accounting/job,dead 410
1745,Universidad Autónoma de Madrid,Spain,https://www.uam.es/uam/en/investigacion/ofertas-empleo/contrato-conjuntajulio2026europeas-mam,dead 404
1751,Uppsala University,Sweden,https://www.uu.se/en/about-uu/join-us/jobs-and-vacancies,non-posting URL
1765,University of Cambridge,United Kingdom,https://www.cam.ac.uk/jobs/research-assistant-fixed-term-rd50817,dead 404
1765,University of Cambridge,United Kingdom,https://www.cam.ac.uk/jobs/associate-director-physical-sciences-permanent-and-maternity-cover-dh50680,dead 404
1765,University of Cambridge,United Kingdom,https://www.cam.ac.uk/jobs/bioinformatician-disease-gene-discovery-inherited-mitochondrial-diseases-rr50481,dead 404
1765,University of Cambridge,United Kingdom,https://www.cam.ac.uk/jobs/business-administration-apprentice-sn50585,dead 404
1765,University of Cambridge,United Kingdom,https://www.cam.ac.uk/jobs/careers-consultant-temporary-cover-dd49764,dead 404
1765,University of Cambridge,United Kingdom,https://www.cam.ac.uk/jobs/cbl-group-administrator-nm50767,dead 404
1765,University of Cambridge,United Kingdom,https://www.cam.ac.uk/jobs/csca-centre-administrator-part-time-fixed-term-gb50733,dead 404
1765,University of Cambridge,United Kingdom,https://www.cam.ac.uk/jobs/disability-adviser-temporary-cover-aw50599,dead 404
1765,University of Cambridge,United Kingdom,https://www.cam.ac.uk/jobs/exhibitions-project-manager-da50814,dead 404
1765,University of Cambridge,United Kingdom,https://www.cam.ac.uk/jobs/finance-analyst-research-and-grants-ew50182,dead 404
1765,University of Cambridge,United Kingdom,https://www.cam.ac.uk/jobs/finance-manager-rc50714,dead 404
1765,University of Cambridge,United Kingdom,https://www.cam.ac.uk/jobs/fitness-strength-and-conditioning-coach-dg50724,dead 404
1765,University of Cambridge,United Kingdom,https://www.cam.ac.uk/jobs/glaxosmithkline-funded-phd-studentship-immune-ageing-fixed-term-rc49740-0,dead 404
1765,University of Cambridge,United Kingdom,https://www.cam.ac.uk/jobs/head-of-epm-fccs-and-financial-data-structure-ag49842,dead 404
1765,University of Cambridge,United Kingdom,https://www.cam.ac.uk/jobs/head-radiographer-pp50673,dead 404
1765,University of Cambridge,United Kingdom,https://www.cam.ac.uk/jobs/holiday-provision-manager-ah50769,dead 404
1765,University of Cambridge,United Kingdom,https://www.cam.ac.uk/jobs/hr-support-level-3-apprentice-ew50489,dead 404
1765,University of Cambridge,United Kingdom,https://www.cam.ac.uk/jobs/learning-programme-manager-maternity-cover-da50622,dead 404
1765,University of Cambridge,United Kingdom,https://www.cam.ac.uk/jobs/liaison-librarian-cstceb-vi49847,dead 404
1765,University of Cambridge,United Kingdom,https://www.cam.ac.uk/jobs/liaison-librarian-veterinary-and-pre-clinical-medicine-ve50824,dead 404
1765,University of Cambridge,United Kingdom,https://www.cam.ac.uk/jobs/marketing-manager-better-futures-ea50737,dead 404
1765,University of Cambridge,United Kingdom,https://www.cam.ac.uk/jobs/phd-studentship-in-theory-and-practice-of-high-dynamic-range-imaging-fixed-term-nr50548,dead 404
1765,University of Cambridge,United Kingdom,https://www.cam.ac.uk/jobs/post-doctoral-research-associate-in-experimental-quantum-optics-and-quantum-light-spectroscopy-fixed-ma50619,dead 404
1765,University of Cambridge,United Kingdom,https://www.cam.ac.uk/jobs/postdoctoral-research-associate-molecular-and-cellular-biology-of-mitochondrial-disease-models-rr50158,dead 404
1765,University of Cambridge,United Kingdom,https://www.cam.ac.uk/jobs/postdoctoral-research-associate-in-single-source-precursors-for-photocatalysis-fixed-term-ma50676,dead 404
1765,University of Cambridge,United Kingdom,https://www.cam.ac.uk/jobs/postgraduate-admissions-and-education-administrator-temporary-cover-ma50778,dead 404
1765,University of Cambridge,United Kingdom,https://www.cam.ac.uk/jobs/postgraduate-secretary-temporary-cover-gp50498,dead 404
1765,University of Cambridge,United Kingdom,https://www.cam.ac.uk/jobs/purchasing-assistant-ka49172,dead 404
1765,University of Cambridge,United Kingdom,https://www.cam.ac.uk/jobs/research-assistant-fixed-term-rn50834,dead 404
1765,University of Cambridge,United Kingdom,https://www.cam.ac.uk/jobs/research-assistant-fixed-term-rr50829,dead 404
1765,University of Cambridge,United Kingdom,https://www.cam.ac.uk/jobs/research-assistant-flow-cytometry-core-facility-sw50774,dead 404
1765,University of Cambridge,United Kingdom,https://www.cam.ac.uk/jobs/research-assistant-internal-only-fixed-term-rn50839,dead 404
1765,University of Cambridge,United Kingdom,https://www.cam.ac.uk/jobs/research-assistant-connectomics-research-group-fixed-term-pf50555,dead 404
1765,University of Cambridge,United Kingdom,https://www.cam.ac.uk/jobs/research-assistant-research-associate-in-three-dimensional-forest-ecology-fixed-term-lc50715,dead 404
1765,University of Cambridge,United Kingdom,https://www.cam.ac.uk/jobs/research-assistant-associate-in-archean-mantle-geochemistry-fixed-term-lb50756,dead 404
1765,University of Cambridge,United Kingdom,https://www.cam.ac.uk/jobs/research-assistant-in-advanced-manufacturing-and-materials-grade-nm50665,dead 404
1765,University of Cambridge,United Kingdom,https://www.cam.ac.uk/jobs/research-assistantassociate-in-trustworthy-generative-ai-for-computational-science-fixed-term-nr50505,dead 404
1765,University of Cambridge,United Kingdom,https://www.cam.ac.uk/jobs/research-assistantresearch-associate-fixed-term-pm50828,dead 404
1765,University of Cambridge,United Kingdom,https://www.cam.ac.uk/jobs/research-assistantresearch-associate-applied-zero-knowledge-proof-systems-nr50856,dead 404
1765,University of Cambridge,United Kingdom,https://www.cam.ac.uk/jobs/research-associate-fixed-term-pf50611,dead 404
1765,University of Cambridge,United Kingdom,https://www.cam.ac.uk/jobs/research-associate-fixed-term-pd50850,dead 404
1765,University of Cambridge,United Kingdom,https://www.cam.ac.uk/jobs/research-associate-fixed-term-targeting-mitophagy-to-modulate-nuclear-mitochondrial-interactions-rr50161,dead 404
1765,University of Cambridge,United Kingdom,https://www.cam.ac.uk/jobs/research-associate-connectomics-research-group-fixed-term-pf50549,dead 404
1765,University of Cambridge,United Kingdom,https://www.cam.ac.uk/jobs/senior-building-services-technician-aq50516,dead 404
1765,University of Cambridge,United Kingdom,https://www.cam.ac.uk/jobs/senior-hr-coordinator-nm50717,dead 404
1765,University of Cambridge,United Kingdom,https://www.cam.ac.uk/jobs/senior-research-laboratory-technician-tissue-culture-and-media-kitchen-fixed-term-pu50723,dead 404
1765,University of Cambridge,United Kingdom,https://www.cam.ac.uk/jobs/senior-scientific-associate-fixed-term-sw50802,dead 404
1765,University of Cambridge,United Kingdom,https://www.cam.ac.uk/jobs/senior-service-manager-internal-applicants-only-ba50487,dead 404
1765,University of Cambridge,United Kingdom,https://www.cam.ac.uk/jobs/teaching-associate-healthcare-innovation-mst-part-time-nm50332,dead 404
1765,University of Cambridge,United Kingdom,https://www.cam.ac.uk/jobs/technical-specialist-nm50033,dead 404
1765,University of Cambridge,United Kingdom,https://www.cam.ac.uk/jobs/technical-specialist-instrumentation-and-electronics-nm50635,dead 404
1765,University of Cambridge,United Kingdom,https://www.cam.ac.uk/jobs/visual-content-creator-ea50335,dead 404
1769,University of Leeds,United Kingdom,https://jobs.leeds.ac.uk/Logon/,action page (/Logon)
1769,University of Leeds,United Kingdom,https://jobs.leeds.ac.uk/Vacancies.aspx,section page (/Vacancies)
1769,University of Leeds,United Kingdom,https://jobs.leeds.ac.uk/vacancies.aspx,section page (/vacancies)
1771,King's College London,United Kingdom,https://www.kcl.ac.uk/jobs/155766-a-star-research-assistant,dead 404
1771,King's College London,United Kingdom,https://www.kcl.ac.uk/jobs/155445-alumni-and-stakeholder-engagement-manager,dead 404
1771,King's College London,United Kingdom,https://www.kcl.ac.uk/jobs/154765-css-trainer,dead 404
1772,London Business School,United Kingdom,https://jobsearch.london.edu/jobs/8266663-associate-director-principal-giving,dead 410
1772,London Business School,United Kingdom,https://jobsearch.london.edu/jobs/8262304-database-manager,dead 410
1772,London Business School,United Kingdom,https://jobsearch.london.edu/jobs/8253427-senior-finance-business-partner,dead 410
1772,London Business School,United Kingdom,https://jobsearch.london.edu/jobs/8234547-manager-global-experiences,dead 410
1778,Australian National University,Australia,https://jobs.anu.edu.au/jobs/research-fellow-biostatistician-canberra-act-act-australia,dead 404
1785,Alphacrucis University College,Australia,https://ww1.ac.edu.au/job-opportunities/SPOMA/,dead 404
1787,Excelsia College,Australia,https://employmenthero.com/jobs/position/excelsia-university-college-academic-operations-and-events-coordinator-2zzg8/,dead 404
1787,Excelsia College,Australia,https://employmenthero.com/jobs/position/excelsia-university-college-campus-coordinator-lagep/,dead 404
1787,Excelsia College,Australia,https://employmenthero.com/jobs/position/excelsia-university-college-lecturer-senior-lecturer-education-early-childhood-phd-on9cb/,dead 404
1801,University of the Sunshine Coast,Australia,https://careers.usc.edu.au/jobs/.job-component-details-8114ec788d79bf7e7297c7663f5d6803 .job-component-list-category .collapse,dead 404
1801,University of the Sunshine Coast,Australia,https://careers.usc.edu.au/jobs/.job-component-details-251eb38c2fb5b51dcbd1f96ad3cf6317 .job-component-list-category .collapse,dead 404
1801,University of the Sunshine Coast,Australia,https://careers.usc.edu.au/jobs/payroll-officer-unisc-sunshine-coast-qld-australia-48dc560a-b06b-4aa6-97f4-81887b8ff58b,dead 404
1801,University of the Sunshine Coast,Australia,https://careers.usc.edu.au/jobs/.job-component-details-36de9242055697eb8dacf4b5de5c9df8 .job-component-list-category .collapse,dead 404
1801,University of the Sunshine Coast,Australia,https://careers.usc.edu.au/jobs/.job-component-details-dff802d773cd5018d5de3a2534a31805 .job-component-list-category .collapse,dead 404
1801,University of the Sunshine Coast,Australia,https://careers.usc.edu.au/jobs/.job-component-details-4e4ba3aac180a78c392f452a7d89c06d .job-component-list-category .collapse,dead 404
1801,University of the Sunshine Coast,Australia,https://careers.usc.edu.au/jobs/.job-component-details-5b309a410e136ababc2a33c4338aa4fd .job-component-list-category .collapse,dead 404
1801,University of the Sunshine Coast,Australia,https://careers.usc.edu.au/jobs/.job-component-details-8f8f6b100f5dbc1c5c814336cca7aadb .job-component-list-category .collapse,dead 404
1801,University of the Sunshine Coast,Australia,https://careers.usc.edu.au/jobs/.job-component-details-740e91058f1a2acc34ae4df5c024d2fd .job-component-list-category .collapse,dead 404
1801,University of the Sunshine Coast,Australia,https://careers.usc.edu.au/jobs/.job-component-details-95cf5721f665bc34e0afd4e1fef4feea .job-component-list-category .collapse,dead 404
1801,University of the Sunshine Coast,Australia,https://careers.usc.edu.au/jobs/.job-component-details-b1f3808175600c9f7006f8343dd95b8a .job-component-list-category .collapse,dead 404
1801,University of the Sunshine Coast,Australia,https://careers.usc.edu.au/jobs/.job-component-details-80f26911cc3417c1e46bf90e5492f29e .job-component-list-category .collapse,dead 404
1801,University of the Sunshine Coast,Australia,https://careers.usc.edu.au/jobs/technical-officer-compliance-purchasing-unisc-sunshine-coast-qld-australia,dead 404
1801,University of the Sunshine Coast,Australia,https://careers.usc.edu.au/jobs/.job-component-details-42e43b663e6f66ac538933d9f22d2949 .job-component-list-category .collapse,dead 404
1801,University of the Sunshine Coast,Australia,https://careers.usc.edu.au/jobs/.job-component-details-9aef67e906c1406f88b7e2d91f62d825 .job-component-list-location .collapse,dead 404
1801,University of the Sunshine Coast,Australia,https://careers.usc.edu.au/jobs/student-communications-events-officer-unisc-sunshine-coast-qld-australia,dead 404
1801,University of the Sunshine Coast,Australia,https://careers.usc.edu.au/jobs/chief-information-and-digital-officer-unisc-sunshine-coast-qld-australia,dead 404
1801,University of the Sunshine Coast,Australia,https://careers.usc.edu.au/jobs/.job-component-details-9f4a6c41541319282debae5eba028907 .job-component-list-category .collapse,dead 404
1801,University of the Sunshine Coast,Australia,https://careers.usc.edu.au/jobs/clinical-trials-coordinator-unisc-sunshine-coast-qld-australia-faafce68-4a89-4b3b-9a5c-02c9055ca82b,dead 404
1801,University of the Sunshine Coast,Australia,https://careers.usc.edu.au/jobs/.job-component-details-0875f246f246d26d8054ffc5a9556d6d .job-component-list-location .collapse,dead 404
1801,University of the Sunshine Coast,Australia,https://careers.usc.edu.au/jobs/technician-education-and-creative-industries-unisc-sunshine-coast-qld-australia-unisc-moreton-bay-queensland,dead 404
1801,University of the Sunshine Coast,Australia,https://careers.usc.edu.au/jobs/.job-component-details-57e4ddbd4da8440fda8199fe313beef8 .job-component-list-category .collapse,dead 404
1801,University of the Sunshine Coast,Australia,https://careers.usc.edu.au/jobs/.job-component-details-8e5fb9f552ad14f97e12e48a74c92310 .job-component-list-category .collapse,dead 404
1801,University of the Sunshine Coast,Australia,https://careers.usc.edu.au/jobs/.job-component-details-30b9fcb74c604b6be8109bbb32351d2d .job-component-list-category .collapse,dead 404
1801,University of the Sunshine Coast,Australia,https://careers.usc.edu.au/jobs/senior-infrastructure-engineer-unisc-sunshine-coast-qld-australia,dead 404
1801,University of the Sunshine Coast,Australia,https://careers.usc.edu.au/jobs/.job-component-details-00b22db806a005086e03c1294c20ccf5 .job-component-list-location .collapse,dead 404
1803,James Cook University,Australia,https://careers.jcu.edu.au/jobs/management-accountant-townsville-qld-australia-f49e0000-11cc-40bf-a912-4b3a3aaff1b9,dead 404
1803,James Cook University,Australia,https://careers.jcu.edu.au/jobs/financial-services-officer-townsville-qld-australia-dcaacded-7134-4da8-91a2-43d3b7e84da0,dead 404
1803,James Cook University,Australia,https://careers.jcu.edu.au/jobs/research-worker-townsville-qld-australia-a7ca0870-2eea-4689-9ecc-a143622cf106,dead 404
1803,James Cook University,Australia,https://careers.jcu.edu.au/jobs/administrative-officer-townsville-qld-australia-a9754412-383f-4046-b463-0a59361613b4,dead 404
1803,James Cook University,Australia,https://careers.jcu.edu.au/jobs/casual-enrolment-help-assistant-cairns-qld-australia-townsville,dead 404
1803,James Cook University,Australia,https://careers.jcu.edu.au/jobs/business-services-accountant-townsville-qld-australia,dead 404
1803,James Cook University,Australia,https://careers.jcu.edu.au/jobs/animal-ethics-officer-townsville-qld-australia,dead 404
1803,James Cook University,Australia,https://careers.jcu.edu.au/jobs/hr-advisor-townsville-qld-australia,dead 404
1803,James Cook University,Australia,https://careers.jcu.edu.au/jobs/collection-development-librarian-townsville-qld-australia-569baaec-e231-42fe-9a45-548d4e00edd6,dead 404
1803,James Cook University,Australia,https://careers.jcu.edu.au/jobs/lecturer-movement-ecology-townsville-qld-australia,dead 404
1803,James Cook University,Australia,https://careers.jcu.edu.au/jobs/expression-of-interest-veterinary-clinical-academic-opportunities-townsville-qld-australia,dead 404
1808,Adelaide University,Australia,https://jobs.adelaide.edu.au/jobs/senior-business-development-manager-health-adelaide-cbd-sa-australia,dead 404
1808,Adelaide University,Australia,https://jobs.adelaide.edu.au/jobs/senior-manager-inclusion-adelaide-cbd-sa-australia,dead 404
1808,Adelaide University,Australia,https://jobs.adelaide.edu.au/jobs/research-associate-a-data-analyst-adelaide-cbd-sa-australia,dead 404
1808,Adelaide University,Australia,https://jobs.adelaide.edu.au/jobs/science-communication-specialist-geoenergy-adelaide-cbd-sa-australia,dead 404
1835,Hong Kong Chu Hai College,Hong Kong,https://www.chuhai.edu.hk/en/page/jobs?id=b9f07df8-bc36-430a-91ea-b8f196e36f18,section page (/jobs)
1840,Saint Francis University,Hong Kong,https://www.sfu.edu.hk/en/about-the-institute/administrative-and-supporting-units/career-centre/about-us/index.html,section page (/index)
1843,The Hang Seng University of Hong Kong,Hong Kong,https://recruit.hsu.edu.hk/opening/content.php?id=3857,dead 404
1843,The Hang Seng University of Hong Kong,Hong Kong,https://recruit.hsu.edu.hk/opening/content.php?id=3856,dead 404
1843,The Hang Seng University of Hong Kong,Hong Kong,https://recruit.hsu.edu.hk/opening/content.php?id=3855,dead 404
1843,The Hang Seng University of Hong Kong,Hong Kong,https://recruit.hsu.edu.hk/opening/content.php?id=3853,dead 404
1843,The Hang Seng University of Hong Kong,Hong Kong,https://recruit.hsu.edu.hk/opening/content.php?id=3854,dead 404
1858,Nanyang Technological University,Singapore,https://ntu.wd3.myworkdayjobs.com/Careers/job/NTU-Main-Campus-Singapore/Librarian---Senior-Assistant-Manager--Digital-Technology-and-Analytics_R00025213,dead 500
1866,Singapore Polytechnic,Singapore,https://www.facebook.com/CareersGov,dead 400
1868,Wrexham University,United Kingdom,https://jobs.wrexham.ac.uk/Logon/,action page (/Logon)
1868,Wrexham University,United Kingdom,https://jobs.wrexham.ac.uk/Vacancies.aspx,section page (/Vacancies)
1869,Aston University,United Kingdom,https://jobs.aston.ac.uk/Logon/,action page (/Logon)
1869,Aston University,United Kingdom,https://jobs.aston.ac.uk/Vacancies.aspx,section page (/Vacancies)
1869,Aston University,United Kingdom,https://jobs.aston.ac.uk/vacancies.aspx,section page (/vacancies)
1874,Northumbria University,United Kingdom,https://work4.northumbria.ac.uk/hcmUI/CandidateExperience/en/sites/CX_1/job/4224,dead 404
1874,Northumbria University,United Kingdom,https://work4.northumbria.ac.uk/hcmUI/CandidateExperience/en/sites/CX_1/job/4114,dead 404
1874,Northumbria University,United Kingdom,https://work4.northumbria.ac.uk/hcmUI/CandidateExperience/en/sites/CX_1/job/4205,dead 404
1874,Northumbria University,United Kingdom,https://work4.northumbria.ac.uk/hcmUI/CandidateExperience/en/sites/CX_1/job/4216,dead 404
1874,Northumbria University,United Kingdom,https://work4.northumbria.ac.uk/hcmUI/CandidateExperience/en/sites/CX_1/job/4223,dead 404
1874,Northumbria University,United Kingdom,https://work4.northumbria.ac.uk/hcmUI/CandidateExperience/en/sites/CX_1/job/4208,dead 404
1874,Northumbria University,United Kingdom,https://work4.northumbria.ac.uk/hcmUI/CandidateExperience/en/sites/CX_1/job/4171,dead 404
1874,Northumbria University,United Kingdom,https://work4.northumbria.ac.uk/hcmUI/CandidateExperience/en/sites/CX_1/job/4195,dead 404
1874,Northumbria University,United Kingdom,https://work4.northumbria.ac.uk/hcmUI/CandidateExperience/en/sites/CX_1/job/4184,dead 404
1874,Northumbria University,United Kingdom,https://work4.northumbria.ac.uk/hcmUI/CandidateExperience/en/sites/CX_1/job/4197,dead 404
1874,Northumbria University,United Kingdom,https://work4.northumbria.ac.uk/hcmUI/CandidateExperience/en/sites/CX_1/job/4098,dead 404
1874,Northumbria University,United Kingdom,https://work4.northumbria.ac.uk/hcmUI/CandidateExperience/en/sites/CX_1/job/4172,dead 404
1878,Middlesex University,United Kingdom,https://jobs.mdx.ac.uk/Logon/,action page (/Logon)
1878,Middlesex University,United Kingdom,https://jobs.mdx.ac.uk/Vacancies.aspx,section page (/Vacancies)
1878,Middlesex University,United Kingdom,https://jobs.mdx.ac.uk/vacancies.aspx,section page (/vacancies)
1879,University of Greenwich,United Kingdom,https://jobs.gre.ac.uk/logon,action page (/logon)
1879,University of Greenwich,United Kingdom,https://jobs.gre.ac.uk/Vacancies.aspx,section page (/Vacancies)
1879,University of Greenwich,United Kingdom,https://jobs.gre.ac.uk/vacancies.aspx,section page (/vacancies)
1882,University of Sunderland,United Kingdom,https://jobs.sunderland.ac.uk/vacancies.aspx,section page (/vacancies)
1886,University of Groningen,Netherlands,https://werkenbij.rug.nl/vacature/postdoc-position-in-persuasion-in-hybrid-intelligence-systems-2365/?lang=en,dead 404
1886,University of Groningen,Netherlands,https://werkenbij.rug.nl/vacature/frontoffice-medewerker-campus-binnenstad-2220/?lang=en,dead 404
1886,University of Groningen,Netherlands,https://werkenbij.rug.nl/vacature/directeur-school-of-science-and-engineering-2159/?lang=en,dead 404
1889,Eindhoven University of Technology,Netherlands,https://www.tue.nl/en/working-at-tue/vacancy-overview/dspfpga-engineer-08-10-fte,dead 404
1889,Eindhoven University of Technology,Netherlands,https://www.tue.nl/en/working-at-tue/vacancy-overview/embedded-software-engineer-08-10-fte,dead 404
1890,University of Gothenburg,Sweden,https://www.gu.se/en/work-at-the-university-of-gothenburg/vacancies,section page (/vacancies)
1895,MacEwan University,Canada,https://www.macewan.ca/about-macewan/careers/,section page (/careers)
